Vacía, Vacía ,(Octava Sección),,Regla 3,DOF_P_IFT_EXT_241116_36_Acc.docx
Vacía, Vacía ,(Octava Sección),Viernes 23 de diciembre de 2016	DIARIO OFICIAL,Regla 3,DOF_P_IFT_EXT_241116_36_Acc.docx
DOF,Diario Oficial de la Federación,(el “DOF”),1.- El 14 de julio de 2014 se publicó en el Diario Oficial de la Federación,Regla 1,DOF_P_IFT_EXT_241116_36_Acc.docx
LFTyR,Ley Federal de Telecomunicaciones y Radiodifusión,(la “LFTyR”),3.- En concordancia con lo dispuesto en el artículo 51 de la Ley Federal de Telecomunicaciones y Radiodifusión,Regla 1,DOF_P_IFT_EXT_241116_36_Acc.docx
Vacía, Vacía ,(treinta),3.- En concordancia con lo dispuesto en el artículo 51 de la Ley Federal de Telecomunicaciones y Radiodifusión (la “LFTyR”) mediante el Acuerdo P/IFT/120815/306 aprobado en la XVI Sesión Ordinaria celebrada el 12 de agosto de 2015 el Pleno determinó someter a Consulta Pública por un plazo de 30,Regla 3,DOF_P_IFT_EXT_241116_36_Acc.docx
Anteproyecto de Lineamientos,Anteproyecto de LINEAMIENTOS GENERALES DE ACCESIBILIDAD A LOS SERVICIOS DE TELECOMUNICACIONES PARA LOS USUARIOS CON DISCAPACIDAD,(el “Anteproyecto de Lineamientos”),3.- En concordancia con lo dispuesto en el artículo 51 de la Ley Federal de Telecomunicaciones y Radiodifusión (la “LFTyR”) mediante el Acuerdo P/IFT/120815/306 aprobado en la XVI Sesión Ordinaria celebrada el 12 de agosto de 2015 el Pleno determinó someter a Consulta Pública por un plazo de 30 (treinta) días hábiles contados a partir de el día hábil siguiente al de su publicación en el portal de Internet de el Instituto el Anteproyecto de “LINEAMIENTOS GENERALES DE ACCESIBILIDAD A LOS SERVICIOS DE TELECOMUNICACIONES PARA LOS USUARIOS CON DISCAPACIDAD”,Regla 1,DOF_P_IFT_EXT_241116_36_Acc.docx
Instituto,Instituto Federal de Telecomunicaciones,(el “Instituto”),4.- La Consulta Pública se realizó de el día 14 de agosto al 25 de septiembre de el 2015 en el portal electrónico de el Instituto Federal de Telecomunicaciones,Regla 1,DOF_P_IFT_EXT_241116_36_Acc.docx
Constitución,Constitución Política de los Estados Unidos Mexicanos,(la “Constitución”),PRIMERO.- COMPETENCIA DEL INSTITUTO. De conformidad con lo establecido por el párrafo décimo quinto de el artículo 28 de la Constitución Política de los Estados Unidos Mexicanos,Regla 1,DOF_P_IFT_EXT_241116_36_Acc.docx
UIT,Unión Internacional de Telecomunicaciones,(“UIT”),En tanto dicha Organización Mundial estima que el 15% de la población mundial vive con una discapacidad lo que representa alrededor de mil millones de personas en todo el mundo razón por la cual la Unión Internacional de Telecomunicaciones,Regla 2,DOF_P_IFT_EXT_241116_36_Acc.docx
TIC,tecnologías de información y comunicación,(“TIC”),En tanto dicha Organización Mundial estima que el 15% de la población mundial vive con una discapacidad lo que representa alrededor de mil millones de personas en todo el mundo razón por la cual la Unión Internacional de Telecomunicaciones (“UIT”) considera que las tecnologías de información y comunicación,Regla 2,DOF_P_IFT_EXT_241116_36_Acc.docx
Vacía, Vacía ,(Rev. Busán 2014),De igual forma la Resolución 175,Regla 3,DOF_P_IFT_EXT_241116_36_Acc.docx
Vacía, Vacía ,(Requirements for Customer Equipment for use with the Standard Telephone Service – Features for special needs of persons with disabilities – AS/ACIF S040),Australia. A través de la Telecommunications Act 1997 se establecen las características y los equipos que deben estar disponibles para ser usados con servicios de telefonía estándar en tanto que la Telecommunication Disability Standard,Regla 3,DOF_P_IFT_EXT_241116_36_Acc.docx
Vacía, Vacía ,(h),Sudáfrica. En la Sección 2,Regla 3,DOF_P_IFT_EXT_241116_36_Acc.docx
DDA,Disability Discrimination Act,(DDA),Reino Unido. Las General Conditions of Entitlement que derivan de la Telecommunications Regulation exige a los proveedores de servicios de comunicación el acceso a la retransmisión de texto y búsqueda en directorios conexiones de avanzada para personas ciegas reparación prioritaria de servicios a precios accesibles para personas con discapacidad servicio seguro para evitar desconexiones formatos alternativos de facturación entre otros. Además la Disability Discrimination Act,Regla 2,DOF_P_IFT_EXT_241116_36_Acc.docx
Vacía, Vacía ,(vigente para teléfonos fijos celulares localizadores servicios de llamada en espera y servicios de operadores),Estados Unidos de América. A través de las secciones 251 y 255 de la Communications Act obliga a los fabricantes de equipos de telecomunicaciones en asegurarse que sus productos y servicios sean accesibles y útiles para las personas con discapacidad,Regla 3,DOF_P_IFT_EXT_241116_36_Acc.docx
UFAS,Uniform Federal Accessibility Standards,(UFAS por sus siglas en inglés),Estados Unidos de América. A través de las secciones 251 y 255 de la Communications Act obliga a los fabricantes de equipos de telecomunicaciones en asegurarse que sus productos y servicios sean accesibles y útiles para las personas con discapacidad (vigente para teléfonos fijos celulares localizadores servicios de llamada en espera y servicios de operadores). Cuando el servicio no está disponible "de primera mano" se exige entonces que los productos y servicios sean compatibles con equipos auxiliares. También en la Hearing Aid Compatibility Act dispone que los fabricantes o importadores de teléfonos en el país tienen que considerar que los aparatos deben ser compatibles con auxiliares auditivos. Asimismo en la Uniform Federal Accessibility Standards,Regla 3,DOF_P_IFT_EXT_241116_36_Acc.docx
Vacía, Vacía ,(Word Wide Web Consortium),Venezuela. La Ley para las Personas con Discapacidad considera el derecho de accesibilidad en los servicios de telecomunicaciones de forma muy general al disponer como un derecho que los equipos de telecomunicaciones cuenten con adaptaciones así como a facilitar la accesibilidad de forma arquitectónica y de procedimientos por los entes públicos y privados. En tanto en la Gaceta Oficial de la República Bolivariana de Venezuela se emiten una serie de resoluciones bajo la materia de las telecomunicaciones entre las cuales se establece que los portales de los entes públicos deberán contar con elementos de accesibilidad bajo W3C,Regla 3,DOF_P_IFT_EXT_241116_36_Acc.docx
Vacía, Vacía ,(W3C),Por otra parte a nivel internacional se cuenta con un estándar de accesibilidad web desarrollado por la World Wide Web Consortium,Regla 3,DOF_P_IFT_EXT_241116_36_Acc.docx
Vacía, Vacía ,(Iniciativa Global para TIC incluyente),En tanto la G3ict,Regla 3,DOF_P_IFT_EXT_241116_36_Acc.docx
GAID,Alianza Global para el Desarrollo de las Tecnologías de la Información y Comunicación,(GAID por sus siglas en inglés),En tanto la G3ict (Iniciativa Global para TIC incluyente) considera pertinente adoptar el nivel AA ya que es un nivel intermedio y que no implica un gasto desproporcionado para su implementación y mantenimiento. Cabe mencionar que G3ict es un ente creado por la Alianza Global para el Desarrollo de las Tecnologías de la Información y Comunicación,Regla 3,DOF_P_IFT_EXT_241116_36_Acc.docx
INEGI,Instituto Nacional de Estadística y Geografía,(INEGI),CUARTO. SITUACIÓN ACTUAL EN MÉXICO. En nuestro país cifras de el Instituto Nacional de Estadística y Geografía,Regla 2,DOF_P_IFT_EXT_241116_36_Acc.docx
ENADID,AL EN MÉXICO. En nuestro país cifras de el Instituto Nacional de Estadística y Geografía INEGI obtenidas de la Encuesta Nacional de la Dinámica Demográfica 2014,(ENADID),CUARTO. SITUACIÓN ACTUAL EN MÉXICO. En nuestro país cifras de el Instituto Nacional de Estadística y Geografía (INEGI) obtenidas de la Encuesta Nacional de la Dinámica Demográfica 2014,Regla 2,DOF_P_IFT_EXT_241116_36_Acc.docx
Lineamientos de Accesibilidad,LINEAMIENTOS GENERALES DE ACCESIBILIDAD A SERVICIOS DE TELECOMUNICACIONES PARA LOS USUARIOS CON DISCAPACIDAD,(los “Lineamientos de Accesibilidad”),Así las cosas resulta conveniente señalar que el Instituto consideró aquellas sugerencias recomendaciones o propuestas que se estimaron procedentes en el texto de los “LINEAMIENTOS GENERALES DE ACCESIBILIDAD A SERVICIOS DE TELECOMUNICACIONES PARA LOS USUARIOS CON DISCAPACIDAD”,Regla 1,DOF_P_IFT_EXT_241116_36_Acc.docx
AIR,Análisis de Impacto Regulatorio,(“AIR”),Al respecto la Coordinación General de Política de el Usuario de el Instituto realizó el Análisis de Impacto Regulatorio,Regla 2,DOF_P_IFT_EXT_241116_36_Acc.docx
CGMR,Coordinación General de Mejora Regulatoria,(la “CGMR”),Al respecto la Coordinación General de Política de el Usuario de el Instituto realizó el Análisis de Impacto Regulatorio (“AIR”) correspondiente mismo que fue sometido formalmente a consideración de la Coordinación General de Mejora Regulatoria,Regla 1,DOF_P_IFT_EXT_241116_36_Acc.docx
Vacía, Vacía ,(s),IV.	Centro,Regla 3,DOF_P_IFT_EXT_241116_36_Acc.docx
Vacía, Vacía ,(WCAG),XII.	Pautas de Accesibilidad de Contenido de Internet,Regla 3,DOF_P_IFT_EXT_241116_36_Acc.docx
Vacía, Vacía ,(chats),XVII.	Sistemas de Atención: Mecanismos de comunicación implementados por los concesionarios y autorizados que les permiten atender las solicitudes quejas reclamaciones dudas trámites etc. de sus usuarios finales pudiendo ser éstos los Centros de Atención los números de atención telefónica y las herramientas de comunicación a través de las páginas o portales de Internet,Regla 3,DOF_P_IFT_EXT_241116_36_Acc.docx
Vacía, Vacía ,(World Wide Web Consortium),XX.	W3C,Regla 3,DOF_P_IFT_EXT_241116_36_Acc.docx
Vacía, Vacía ,(quince),Artículo 11. Los Concesionarios y Autorizados que presten el servicio de telefonía fija deberán contar con un catálogo de equipos terminales que contengan funcionalidades de Accesibilidad para Personas  con Discapacidad motriz visual y auditiva. Lo anterior con la finalidad de que dichos equipos terminales sean proporcionados a los Usuarios con Discapacidad que los soliciten a través de los Sistemas de Atención al público que tengan habilitados dentro de los 15,Regla 3,DOF_P_IFT_EXT_241116_36_Acc.docx
Vacía, Vacía ,(WCAG),I.	Contar con los elementos de Accesibilidad establecidos en los estándares internacionales más actualizados de la W3C específicamente las Pautas de Accesibilidad de Contenido de Internet,Regla 3,DOF_P_IFT_EXT_241116_36_Acc.docx
Vacía, Vacía ,(WCAG),Artículo 25. En relación con la fracción I de el artículo anterior los Concesionarios y Autorizados deberán atender a las modificaciones y actualizaciones que se realicen en las Pautas de Accesibilidad de Contenido de Internet,Regla 3,DOF_P_IFT_EXT_241116_36_Acc.docx
Vacía, Vacía ,(tres),En caso de que dichas Pautas presenten modificaciones y/o actualizaciones los Concesionarios y Autorizados deberán implementarlas en un plazo no mayor a 3,Regla 3,DOF_P_IFT_EXT_241116_36_Acc.docx
Vacía, Vacía ,(Primera Sección),,Regla 3,DOF_P_IFT_250117_12_Acc.docx
DOF,Diario Oficial de la Federación,(en lo sucesivo el “DOF”),I.	El 11 de junio de 2013 se publicó en el Diario Oficial de la Federación,Regla 1,DOF_P_IFT_250117_12_Acc.docx
Decreto Constitucional,Decreto por el que se reforman y adicionan diversas disposiciones de los artículos 6o. 7o. 27 28 73 78 94 y 105 de la Constitución Política de los Estados Unidos Mexicanos en materia de telecomunicaciones,(en lo sucesivo el "Decreto Constitucional"),I.	El 11 de junio de 2013 se publicó en el Diario Oficial de la Federación (en lo sucesivo el “DOF”) el "Decreto por el que se reforman y adicionan diversas disposiciones de los artículos 6o. 7o. 27 28 73 78 94 y 105 de la Constitución Política de los Estados Unidos Mexicanos en materia de telecomunicaciones",Regla 1,DOF_P_IFT_250117_12_Acc.docx
Instituto,Instituto Federal de Telecomunicaciones,(en lo sucesivo el "Instituto"),I.	El 11 de junio de 2013 se publicó en el Diario Oficial de la Federación (en lo sucesivo el “DOF”) el "Decreto por el que se reforman y adicionan diversas disposiciones de los artículos 6o. 7o. 27 28 73 78 94 y 105 de la Constitución Política de los Estados Unidos Mexicanos en materia de telecomunicaciones" (en lo sucesivo el "Decreto Constitucional") mediante el cual se creó el Instituto Federal de Telecomunicaciones,Regla 1,DOF_P_IFT_250117_12_Acc.docx
Estatuto Orgánico,Estatuto Orgánico de el Instituto Federal de Telecomunicaciones,(en lo sucesivo el "Estatuto Orgánico"),III.	El 4 de septiembre de 2014 se publicó en el DOF el Estatuto Orgánico de el Instituto Federal de Telecomunicaciones,Regla 1,DOF_P_IFT_250117_12_Acc.docx
LFTR,Ley Federal de Telecomunicaciones y Radiodifusión,(en lo sucesivo “LFTR”),IV.	El Pleno de el Instituto mediante el Acuerdo P/IFT/170316/104 emitido en su VIII Sesión Ordinaria de fecha de 17 de marzo de 2016 aprobó someter a consulta pública el “ANTEPROYECTO DE LINEAMIENTOS PARA LA ACREDITACIÓN DE PERITOS EN MATERIA DE TELECOMUNICACIONES Y DE RADIODIFUSIÓN” ello en cumplimiento con lo establecido en el artículo 51 de la Ley Federal de Telecomunicaciones y Radiodifusión,Regla 2,DOF_P_IFT_250117_12_Acc.docx
Lineamientos,Lineamientos para la acreditación de peritos en materia de telecomunicaciones y radiodifusión,(en lo sucesivo los “Lineamientos“),V.	El Pleno de el Instituto mediante Acuerdo P/IFT/250117/11 de enero de 2017 en la III Sesión Ordinaria de fecha 25 de enero de 2017 aprobó el “Acuerdo mediante el cual el Pleno de el Instituto Federal de Telecomunicaciones expide los Lineamientos para la acreditación de peritos en materia de telecomunicaciones y radiodifusión”,Regla 1,DOF_P_IFT_250117_12_Acc.docx
Constitución,Constitución Política de los Estados Unidos Mexicanos,(en lo sucesivo la “Constitución”),Primero.- Competencia de el Instituto. De conformidad con lo establecido en los artículos 28 párrafo décimo quinto de la Constitución Política de los Estados Unidos Mexicanos,Regla 1,DOF_P_IFT_250117_12_Acc.docx
Ley de Ingresos,Ley de Ingresos de la Federación para el Ejercicio Fiscal de 2017,(en lo sucesivo la “Ley de Ingresos”),Por su parte el artículo 10 párrafo primero de la Ley de Ingresos de la Federación para el Ejercicio Fiscal de 2017,Regla 1,DOF_P_IFT_250117_12_Acc.docx
Vacía, Vacía ,(R.- 444964),,Regla 3,DOF_P_IFT_250117_12_Acc.docx
Vacía, Vacía ,(Quinta Sección),,Regla 3,DOF_P_IFT_301116_681_Acc.docx
Vacía, Vacía ,(Quinta Sección),Miércoles 21 de diciembre de 2016	DIARIO OFICIAL,Regla 3,DOF_P_IFT_301116_681_Acc.docx
DOF,Diario Oficial de la Federación,(DOF),1.	El 11 de junio de 2013 se publicó en el Diario Oficial de la Federación,Regla 2,DOF_P_IFT_301116_681_Acc.docx
Decreto de Reforma Constitucional,Decreto por el que se reforman y adicionan diversas disposiciones de los artículos 6o. 7o. 27 28 73 78 94 y 105 de la Constitución Política de los Estados Unidos Mexicanos en materia de telecomunicaciones.,(Decreto de Reforma Constitucional),1.	El 11 de junio de 2013 se publicó en el Diario Oficial de la Federación (DOF) el “Decreto por el que se reforman y adicionan diversas disposiciones de los artículos 6o. 7o. 27 28 73 78 94 y 105 de la Constitución Política de los Estados Unidos Mexicanos en materia de telecomunicaciones.”,Regla 2,DOF_P_IFT_301116_681_Acc.docx
Instituto,Instituto Federal de Telecomunicaciones,(Instituto),1.	El 11 de junio de 2013 se publicó en el Diario Oficial de la Federación (DOF) el “Decreto por el que se reforman y adicionan diversas disposiciones de los artículos 6o. 7o. 27 28 73 78 94 y 105 de la Constitución Política de los Estados Unidos Mexicanos en materia de telecomunicaciones.” (Decreto de Reforma Constitucional) mediante el cual se creó al Instituto Federal de Telecomunicaciones,Regla 2,DOF_P_IFT_301116_681_Acc.docx
Lineamientos,Lineamientos Generales en Relación con lo Dispuesto por la Fracción I de el Artículo Octavo Transitorio de el Decreto por el que se Reforman y Adicionan Diversas Disposiciones de los Artículos 6o 7o 27 28 73 78 94 y 105 de la Constitución Política de los Estados Unidos Mexicanos en materia de Telecomunicaciones,(Lineamientos),2.	El 27 de febrero de 2014 se publicaron en el DOF los “Lineamientos Generales en Relación con lo Dispuesto por la Fracción I de el Artículo Octavo Transitorio de el Decreto por el que se Reforman y Adicionan Diversas Disposiciones de los Artículos 6o 7o 27 28 73 78 94 y 105 de la Constitución Política de los Estados Unidos Mexicanos en materia de Telecomunicaciones,Regla 2,DOF_P_IFT_301116_681_Acc.docx
Decreto de Ley,Decreto por el que se expiden la Ley Federal de Telecomunicaciones y Radiodifusión y la Ley de el Sistema Público de Radiodifusión de el Estado Mexicano; y se reforman adicionan y derogan diversas disposiciones en materia de telecomunicaciones y radiodifusión.,(Decreto de Ley),3.	El 14 de julio de 2014 se publicó en el DOF el “Decreto por el que se expiden la Ley Federal de Telecomunicaciones y Radiodifusión y la Ley de el Sistema Público de Radiodifusión de el Estado Mexicano; y se reforman adicionan y derogan diversas disposiciones en materia de telecomunicaciones y radiodifusión.”,Regla 2,DOF_P_IFT_301116_681_Acc.docx
Ley,Ley Federal de Telecomunicaciones y Radiodifusión,(Ley),4.	El 26 de noviembre de 2014 mediante acuerdo P/IFT/261114/378 el Pleno de el Instituto aprobó someter a consulta pública el anteproyecto de modificación a los Lineamientos y determinó que la consulta pública se realizaría por un periodo de diez días hábiles contados a partir de el día hábil siguiente de su publicación en el portal de Internet de el Instituto lo que transcurrió de el 1 al 12 de diciembre de 2014 de conformidad con los artículos 15 fracción I y 51 de la Ley Federal de Telecomunicaciones y Radiodifusión,Regla 2,DOF_P_IFT_301116_681_Acc.docx
UMCA,Unidad de Medios y Contenidos Audiovisuales,(UMCA),9.	El 2 de septiembre de 2016 la Unidad de Medios y Contenidos Audiovisuales,Regla 2,DOF_P_IFT_301116_681_Acc.docx
CGMR,Coordinación General de Mejora Regulatoria,(CGMR),11.	De conformidad con el segundo párrafo de el artículo 51 de la Ley mediante oficio IFT/224/UMCA/DG-PPRMCA/106/2016 de fecha 30 de noviembre de 2016 la UMCA remitió a la Coordinación General de Mejora Regulatoria,Regla 2,DOF_P_IFT_301116_681_Acc.docx
Constitución,Constitución Política de los Estados Unidos Mexicanos,(Constitución),PRIMERO.- Competencia de el Instituto. De conformidad con el artículo 28 párrafo décimo quinto de la Constitución Política de los Estados Unidos Mexicanos,Regla 2,DOF_P_IFT_301116_681_Acc.docx
Vacía, Vacía ,(no multiprogramadas y multiprogramadas de mayor audiencia),En ese tenor de ideas el Instituto a fin de cumplir los fines ya referidos considera indispensable que las señales radiodifundidas obligatorias de retransmitir,Regla 3,DOF_P_IFT_301116_681_Acc.docx
Vacía, Vacía ,(v.gr. 1 2 3 etc.),1.	Se deben ordenar de la forma prevista las señales radiodifundidas de estaciones que no hayan obtenido autorización para multiprogramar,Regla 3,DOF_P_IFT_301116_681_Acc.docx
Vacía, Vacía ,(v.gr. .1 .2 .3 etc.),2.	También deben ordenarse de dicha forma las señales radiodifundidas multiprogramadas que cuenten con mayor audiencia sin importar el número secundario con el que cuenten,Regla 3,DOF_P_IFT_301116_681_Acc.docx
Vacía, Vacía ,(v.gr. 1 2 3 etc.),3.	Las señales radiodifundidas referidas en los numerales 1 y 2 deberán agruparse de forma conjunta es decir en un solo bloque y consecutiva o sea uno después de otro sin interrupción y de forma ascendente,Regla 3,DOF_P_IFT_301116_681_Acc.docx
Vacía, Vacía ,(de acuerdo con la numeración utilizada por el concesionario en cada bloque por ejemplo: 101 102 103 etc. 501 502 503 1001 1002 1003 etc.),4.	Lo señalado en el párrafo anterior debe verificarse en el primer bloque de canales tanto en su caso en el paquete de alta definición como en el de definición estándar,Regla 3,DOF_P_IFT_301116_681_Acc.docx
Vacía, Vacía ,(v.gr. en la Ciudad de México: 101 102 103 104 105 107 109 111 114 120 121 122 128 134 140 y 145 ó 501 502 503 504 505 507 509 511 514 520 521 522 528 534 540 y 545),5.	Deberá respetarse la numeración específica de canales virtuales asignados por el Instituto en la parte final de el bloque que corresponda,Regla 3,DOF_P_IFT_301116_681_Acc.docx
Vacía, Vacía ,(v.gr. en la Ciudad de México: 1 2 3 4 5 6 7 8 9 10 11 12 13 14 15 y 16),Asimismo los elementos regulatorios que conforman la adición de un cuarto párrafo al artículo 11 de los Lineamientos consisten en que los concesionarios de televisión restringida que operen con tecnología analógica deberán cumplir con todas las condiciones establecidas en relación con la modificación al párrafo tercero de el artículo 11 de los Lineamientos con excepción de el numeral 5 es decir no se encontrarán obligadas a respetar el número de canal virtual específico dada la naturaleza técnica de su operación,Regla 3,DOF_P_IFT_301116_681_Acc.docx
Vacía, Vacía ,(noticias infantil deportes cultural telenovelas etc.),De igual forma los elementos regulatorios que conforman la adición de un quinto párrafo al artículo 11 de los Lineamientos consisten en que los concesionarios de televisión restringida sólo se encuentran obligados a retransmitir las señales radiodifundidas multiprogramadas que tengan la mayor audiencia por ende en caso de que decidan ejercer su derecho de retransmitir las señales multiprogramadas que no tengan la mayor audiencia o en los casos en que se encuentren obligados a ello deberán colocarlas junto con los canales de programación que tengan el mismo o similar género programático es decir en los bloques respectivos con los que se cuente,Regla 3,DOF_P_IFT_301116_681_Acc.docx
Vacía, Vacía ,(alta definición o definición estándar),Finalmente los concesionarios de televisión restringida que operen con tecnología digital deberán reflejar todo lo anterior en su guía electrónica de programación es decir en orden de forma conjunta y consecutiva en el primer bloque de canales de cada paquete,Regla 3,DOF_P_IFT_301116_681_Acc.docx
Vacía, Vacía ,(independientemente de su uso),En ese sentido la racionalidad de la modificación que nos ocupa consiste en que las señales de mayor audiencia,Regla 3,DOF_P_IFT_301116_681_Acc.docx
Vacía, Vacía ,(independientemente de la obligatoriedad en su retransmisión),En ese sentido la racionalidad de la modificación que nos ocupa consiste en que las señales de mayor audiencia (independientemente de su uso) y las que no son de mayor audiencia,Regla 3,DOF_P_IFT_301116_681_Acc.docx
Vacía, Vacía ,(canal de programación con mayor nivel de audiencia de entre aquellos distribuidos en un mismo canal de transmisión),En ese sentido la racionalidad de la modificación que nos ocupa consiste en que las señales de mayor audiencia (independientemente de su uso) y las que no son de mayor audiencia (independientemente de la obligatoriedad en su retransmisión) deben seguir las reglas especificadas en la modificación de el artículo 11 y en ese sentido resulta pertinente definir de manera clara cuál es el concepto de “señal radiodifundida multiprogramada de mayor audiencia”,Regla 3,DOF_P_IFT_301116_681_Acc.docx
Vacía, Vacía ,(aquella transmitida por concesionarios que no hayan obtenido autorización para acceder a la multiprogramación),En ese sentido la racionalidad de la modificación que nos ocupa consiste en que las señales de mayor audiencia (independientemente de su uso) y las que no son de mayor audiencia (independientemente de la obligatoriedad en su retransmisión) deben seguir las reglas especificadas en la modificación de el artículo 11 y en ese sentido resulta pertinente definir de manera clara cuál es el concepto de “señal radiodifundida multiprogramada de mayor audiencia” (canal de programación con mayor nivel de audiencia de entre aquellos distribuidos en un mismo canal de transmisión) y “señal radiodifundida no multiprogramada”,Regla 3,DOF_P_IFT_301116_681_Acc.docx
Vacía, Vacía ,(R.- 442592),,Regla 3,DOF_P_IFT_301116_681_Acc.docx
DOF,Diario Oficial de la Federación,(DOF),Que el 11 de junio de 2013 se publicó en el Diario Oficial de la Federación,Regla 2,P_IFT_060416_132_Acc.docx
Instituto,Instituto Federal de Telecomunicaciones,(Instituto),Que el 11 de junio de 2013 se publicó en el Diario Oficial de la Federación (DOF) el "Decreto por el que se reforman y adicionan diversas disposiciones de los artículos 6o. 7o. 27 28 73 78 94 y 105 de la Constitución Política de los Estados Unidos Mexicanos en materia de telecomunicaciones" mediante el cual se creó el Instituto Federal de Telecomunicaciones,Regla 2,P_IFT_060416_132_Acc.docx
LFD,Ley Federal de Derechos,(LFD),Que la Ley Federal de Derechos,Regla 2,P_IFT_060416_132_Acc.docx
Acuerdo,Acuerdo mediante el cual el Pleno de el Instituto Federal de Telecomunicaciones fija el monto de los aprovechamientos que deberán cobrarse por la prestación de diversos servicios públicos en el ejercicio de sus funciones de derecho público por los que no se establece monto especifico en la Ley Federal de Derechos,(Acuerdo),Que en su XXIX Sesión Extraordinaria celebrada el 13 de noviembre de 2014 el órgano máximo de decisión de este Instituto expidió el “Acuerdo mediante el cual el Pleno de el Instituto Federal de Telecomunicaciones fija el monto de los aprovechamientos que deberán cobrarse por la prestación de diversos servicios públicos en el ejercicio de sus funciones de derecho público por los que no se establece monto especifico en la Ley Federal de Derechos”,Regla 2,P_IFT_060416_132_Acc.docx
Vacía, Vacía ,(i),Que en su XXIX Sesión Extraordinaria celebrada el 13 de noviembre de 2014 el órgano máximo de decisión de este Instituto expidió el “Acuerdo mediante el cual el Pleno de el Instituto Federal de Telecomunicaciones fija el monto de los aprovechamientos que deberán cobrarse por la prestación de diversos servicios públicos en el ejercicio de sus funciones de derecho público por los que no se establece monto especifico en la Ley Federal de Derechos” (Acuerdo) en el cual se determinaron conforme a su Anexo I las cuotas que deberían cubrir los interesados en recibir los siguientes servicios por parte de el Instituto:,Regla 3,P_IFT_060416_132_Acc.docx
Vacía, Vacía ,(ii),Que en su XXIX Sesión Extraordinaria celebrada el 13 de noviembre de 2014 el órgano máximo de decisión de este Instituto expidió el “Acuerdo mediante el cual el Pleno de el Instituto Federal de Telecomunicaciones fija el monto de los aprovechamientos que deberán cobrarse por la prestación de diversos servicios públicos en el ejercicio de sus funciones de derecho público por los que no se establece monto especifico en la Ley Federal de Derechos” (Acuerdo) en el cual se determinaron conforme a su Anexo I las cuotas que deberían cubrir los interesados en recibir los siguientes servicios por parte de el Instituto: (i) por el estudio de la solicitud expedición de título y prórroga de concesión única para uso comercial y,Regla 3,P_IFT_060416_132_Acc.docx
Instituto,Instituto Federal de Telecomunicaciones,(en lo sucesivo “Instituto”),Que conforme al artículo 15 fracción LV de la Ley Federal de Telecomunicaciones y Radiodifusión corresponde al Instituto Federal de Telecomunicaciones,Regla 2,P_IFT_060416_159_Acc.docx
Disposiciones,Disposiciones por las que se establece el Sistema de Servicio Profesional de el Instituto Federal de Telecomunicaciones,(en lo sucesivo “Disposiciones”),Que el 25 de febrero de 2015 el Instituto publicó en el Diario Oficial de la Federación las “Disposiciones por las que se establece el Sistema de Servicio Profesional de el Instituto Federal de Telecomunicaciones”,Regla 2,P_IFT_060416_159_Acc.docx
Vacía, Vacía ,(en los sucesivo la “LFRTV”),I.- Otorgamiento de la Concesión. El 29 de noviembre de 1994 de conformidad con los artículos 17 y 19 y demás relativos de la Ley Federal de Radio y Televisión,Regla 3,L_P_IFT_231015_479_Acc.docx
SCT,Secretaría de Comunicaciones y Transportes,(en lo sucesivo la “SCT”),I.- Otorgamiento de la Concesión. El 29 de noviembre de 1994 de conformidad con los artículos 17 y 19 y demás relativos de la Ley Federal de Radio y Televisión (en los sucesivo la “LFRTV”) la Secretaría de Comunicaciones y Transportes,Regla 1,L_P_IFT_231015_479_Acc.docx
Vacía, Vacía ,(quince),I.- Otorgamiento de la Concesión. El 29 de noviembre de 1994 de conformidad con los artículos 17 y 19 y demás relativos de la Ley Federal de Radio y Televisión (en los sucesivo la “LFRTV”) la Secretaría de Comunicaciones y Transportes (en lo sucesivo la “SCT”) otorgó a favor de Televisora Alco S.A. de C.V. la Concesión para operar y explotar el canal 59 a través de la estación de televisión con distintivo de llamada XHSDD-TV en Sabinas Coahuila con vigencia de 15,Regla 3,L_P_IFT_231015_479_Acc.docx
Concesión,Concesión para operar y explotar el canal 59 a través de la estación de televisión con distintivo de llamada XHSDD-TV en Sabinas Coahuila con vigencia de 15 quince años contados a partir de el día 17 de agosto de 1994 y vencimiento el 16 de agosto de 2009,(en lo sucesivo la “Concesión”),I.- Otorgamiento de la Concesión. El 29 de noviembre de 1994 de conformidad con los artículos 17 y 19 y demás relativos de la Ley Federal de Radio y Televisión (en los sucesivo la “LFRTV”) la Secretaría de Comunicaciones y Transportes (en lo sucesivo la “SCT”) otorgó a favor de Televisora Alco S.A. de C.V. la Concesión para operar y explotar el canal 59 a través de la estación de televisión con distintivo de llamada XHSDD-TV en Sabinas Coahuila con vigencia de 15 (quince) años contados a partir de el día 17 de agosto de 1994 y vencimiento el 16 de agosto de 2009,Regla 1,L_P_IFT_231015_479_Acc.docx
Vacía, Vacía ,(en lo sucesivo el “Concesionario”),IV.- Segunda Cesión de Derechos. El 17 de enero de 2006 la SCT una vez satisfechos los requisitos de ley autorizó el cambio de titularidad de los derechos derivados de la Concesión de Melchor Sánchez Dovalina a favor de Telesistemas de Coahuila S.A. de C.V.,Regla 3,L_P_IFT_231015_479_Acc.docx
Vacía, Vacía ,(en la sucesivo la “Solicitud”),V.- Solicitud de Refrendo. Mediante escrito presentado el 23 de febrero de 2007 ante la entonces Comisión Federal de Telecomunicaciones el Concesionario por conducto de su representante legal solicitó el refrendo de la Concesión,Regla 3,L_P_IFT_231015_479_Acc.docx
Reglamento,Reglamento de la Ley Federal de Radio y Televisión en materia de concesiones permisos y contenido de las transmisiones de radio y televisión,(en lo sucesivo el “Reglamento”),V.- Solicitud de Refrendo. Mediante escrito presentado el 23 de febrero de 2007 ante la entonces Comisión Federal de Telecomunicaciones el Concesionario por conducto de su representante legal solicitó el refrendo de la Concesión (en la sucesivo la “Solicitud”) en términos de la LFRTV y de el Reglamento de la Ley Federal de Radio y Televisión en materia de concesiones permisos y contenido de las transmisiones de radio y televisión,Regla 1,L_P_IFT_231015_479_Acc.docx
DOF,Diario Oficial de la Federación,(en lo sucesivo el “DOF”),VI.- Decreto de Reforma Constitucional. Con fecha 11 de junio de 2013 se publicó en el Diario Oficial de la Federación,Regla 1,L_P_IFT_231015_479_Acc.docx
Decreto de Reforma Constitucional,Decreto por el que se reforman y adicionan diversas disposiciones de los artículos 6o. 7o. 27 28 73 78 94 y 105 de la Constitución Política de los Estados Unidos Mexicanos en materia de telecomunicaciones,(en lo sucesivo el “Decreto de Reforma Constitucional”),VI.- Decreto de Reforma Constitucional. Con fecha 11 de junio de 2013 se publicó en el Diario Oficial de la Federación (en lo sucesivo el “DOF”) el “Decreto por el que se reforman y adicionan diversas disposiciones de los artículos 6o. 7o. 27 28 73 78 94 y 105 de la Constitución Política de los Estados Unidos Mexicanos en materia de telecomunicaciones”,Regla 1,L_P_IFT_231015_479_Acc.docx
Instituto,Instituto Federal de Telecomunicaciones,(en lo sucesivo el “Instituto”),VI.- Decreto de Reforma Constitucional. Con fecha 11 de junio de 2013 se publicó en el Diario Oficial de la Federación (en lo sucesivo el “DOF”) el “Decreto por el que se reforman y adicionan diversas disposiciones de los artículos 6o. 7o. 27 28 73 78 94 y 105 de la Constitución Política de los Estados Unidos Mexicanos en materia de telecomunicaciones” (en lo sucesivo el “Decreto de Reforma Constitucional”) mediante el cual se creó el Instituto Federal de Telecomunicaciones,Regla 1,L_P_IFT_231015_479_Acc.docx
Decreto de Ley,Decreto por el que se expiden la Ley Federal de Telecomunicaciones y Radiodifusión y la Ley de el Sistema Público de Radiodifusión de el Estado Mexicano; y se reforman adicionan y derogan diversas disposiciones en materia de telecomunicaciones y radiodifusión,(en lo sucesivo el “Decreto de Ley”),VII.- Decreto de Ley. El 14 de julio de 2014 se publicó en el DOF el “Decreto por el que se expiden la Ley Federal de Telecomunicaciones y Radiodifusión y la Ley de el Sistema Público de Radiodifusión de el Estado Mexicano; y se reforman adicionan y derogan diversas disposiciones en materia de telecomunicaciones y radiodifusión”,Regla 1,L_P_IFT_231015_479_Acc.docx
Estatuto Orgánico,Estatuto Orgánico de el Instituto Federal de Telecomunicaciones,(en lo sucesivo el “Estatuto Orgánico”),VIII.- Estatuto Orgánico. El 4 de septiembre de 2014 se publicó en el DOF el “Estatuto Orgánico de el Instituto Federal de Telecomunicaciones”,Regla 1,L_P_IFT_231015_479_Acc.docx
UCS,Unidad de Concesiones y Servicios,(en lo sucesivo la “UCS”),IX.- Solicitud de opinión a la Unidad de Cumplimiento. Con oficio IFT/223/UCS/269/15 de el 25 de febrero de 2015 la Dirección General de Concesiones de Radiodifusión de la Unidad de Concesiones y Servicios,Regla 1,L_P_IFT_231015_479_Acc.docx
UC,Unidad de Cumplimiento,(en lo sucesivo la “UC”),IX.- Solicitud de opinión a la Unidad de Cumplimiento. Con oficio IFT/223/UCS/269/15 de el 25 de febrero de 2015 la Dirección General de Concesiones de Radiodifusión de la Unidad de Concesiones y Servicios (en lo sucesivo la “UCS”) de conformidad con lo establecido en los artículos 32 y 34 fracción II de el Estatuto Orgánico solicitó a la Unidad de Cumplimiento,Regla 1,L_P_IFT_231015_479_Acc.docx
UCE,Unidad de Competencia Económica,(en lo sucesivo la “UCE”),X.- Solicitud de opinión a la Unidad de Competencia Económica. Con oficio IFT/223/UCS/DG-CRAD/598/2015 de el 25 de febrero de 2015 la UCS de conformidad con lo establecido en el artículo 34 fracción II de el Estatuto Orgánico remitió la solicitud de refrendo de vigencia de la Concesión a la Dirección General de Concentraciones y Concesiones de la Unidad de Competencia Económica,Regla 1,L_P_IFT_231015_479_Acc.docx
UER,Unidad de Espectro Radioeléctrico,(en lo sucesivo la “UER”),XI.- Solicitud de cálculo de monto de contraprestación a la Unidad de Espectro Radioeléctrico. Con oficio IFT/223/UCS/DG-CRAD/597/2015 de el 27 de febrero de 2015 la Dirección General de Concesiones de Radiodifusión de la UCS solicitó a la Dirección General de el Economía de el Espectro y Recursos Orbitales de la Unidad de Espectro Radioeléctrico,Regla 1,L_P_IFT_231015_479_Acc.docx
SHCP,Secretaría de Hacienda y Crédito Público,(en lo sucesivo la “SHCP“),XIII.- Contraprestación autorizada por la Secretaría de Hacienda y Crédito Público. Con oficio IFT/222/UER/146/2015 de el 08 de junio de 2015 la UER envió copia de el oficio No. 349-B-237 de el 05 de junio de 2015 emitido por la Unidad de Política de Ingresos No Tributarios de la Secretaría de Hacienda y Crédito Público,Regla 1,L_P_IFT_231015_479_Acc.docx
Vacía, Vacía ,(i.e. el canal de transmisión de 6 MHz),XIV. Opinión en Materia de Competencia Económica. Con oficio IFT/226/UCE/DG-CCON/156/2015 de el 11 de agosto de 2015 la Dirección General de Concentraciones y Concesiones de la UCE emitió opinión en materia de competencia económica respecto a la solicitud de refrendo de la Concesión estableciendo que: “no se identifican elementos ni indicios de que en caso de que se otorgue la autorización de prórroga solicitada por Telesistemas de Coahuila se generen efectos contrarios en el proceso de competencia y libre concurrencia en la provisión de servicios de TV Abierta Comercial en la localidad de Sabinas Coahuila ni en la provisión de otros servicios de radiodifusión o de telecomunicaciones que tenga la capacidad de prestar a través de el espectro radioeléctrico,Regla 3,L_P_IFT_231015_479_Acc.docx
Constitución,Constitución Política de los Estados Unidos Mexicanos,(en lo sucesivo la “Constitución”),Primero.- Competencia de el Instituto. De conformidad con el artículo 28 párrafo décimo quinto de la Constitución Política de los Estados Unidos Mexicanos,Regla 1,L_P_IFT_231015_479_Acc.docx
Ley,Ley Federal de Telecomunicaciones y Radiodifusión,(en lo sucesivo la “Ley”),De igual forma conforme a lo establecido en los artículos 15 fracción IV y 17 fracción I de la Ley Federal de Telecomunicaciones y Radiodifusión,Regla 1,L_P_IFT_231015_479_Acc.docx
Vacía, Vacía ,(a más tardar un año antes de la terminación de su vigencia),En tales términos de acuerdo con el artículo 16 de la LFRTV se reconoce la posibilidad de que la Concesión pueda ser refrendada a fin de que su titular pueda mantener los derechos de operación y explotación comercial de el canal asignado para la prestación de el servicio de televisión. Complementariamente el artículo 13 de el Reglamento prevé la oportunidad de la presentación de la solicitud de refrendo que deben cumplir los concesionarios,Regla 3,L_P_IFT_231015_479_Acc.docx
Vacía, Vacía ,(banda de frecuencias 76-82 MHz),Tercero.- Análisis de la solicitud de Refrendo. El Concesionario mediante escrito presentado el 23 de febrero de 2007 solicitó el otorgamiento de el refrendo de la Concesión para usar el canal 5,Regla 3,L_P_IFT_231015_479_Acc.docx
Vacía, Vacía ,(quince),Temporalidad. La Concesión fue otorgada con vigencia de 15,Regla 3,L_P_IFT_231015_479_Acc.docx
Vacía, Vacía ,(bandas VHF y UHF),Uso de el espectro. A este respecto este Pleno estima que en atención a lo dispuesto en el numeral 6.2.2 de la “Disposición Técnica IFT-003-2014: Especificaciones y requerimientos mínimos para la instalación y operación de las estaciones de radiodifusión de televisión analógica,Regla 3,L_P_IFT_231015_479_Acc.docx
Vacía, Vacía ,(bandas de frecuencias),Por lo expuesta esta autoridad considera que se satisface lo dispuesto en la fracción I de el artículo 13 de el Reglamento por lo que hace a la evaluación de el buen uso de el canal,Regla 3,L_P_IFT_231015_479_Acc.docx
Vacía, Vacía ,(i.e. el canal de transmisión de 6 MHz),Con la información disponible no se identifican elementos ni indicios de que en caso de que se otorgue la autorización de la prórroga solicitada por Telesistemas de Coahuila se generen efectos contrarios en el proceso de competencia y libre concurrencia en la provisión de servicios de TV Abierta Comercial en la localidad de Sabinas Coahuila ni en la provisión de otros servicios de radiodifusión o de telecomunicaciones que tenga la capacidad de prestar a través de el espectro radioeléctrico,Regla 3,L_P_IFT_231015_479_Acc.docx
Vacía, Vacía ,(treinta),Quinto.- Vigencia de la concesión para uso comercial. En términos de lo dispuesto por los artículos 72 y 75 de la Ley la vigencia de la concesión única y las concesiones sobre el espectro radioeléctrico para uso comercial serán hasta por 30,Regla 3,L_P_IFT_231015_479_Acc.docx
Vacía, Vacía ,(veinte),Quinto.- Vigencia de la concesión para uso comercial. En términos de lo dispuesto por los artículos 72 y 75 de la Ley la vigencia de la concesión única y las concesiones sobre el espectro radioeléctrico para uso comercial serán hasta por 30 (treinta) y 20,Regla 3,L_P_IFT_231015_479_Acc.docx
veinte,veinte años respectivamente por lo que se considera que la concesión para usar aprovechar y explotar bandas de frecuencia de el espectro radioeléctrico para uso comercial se otorgue con una vigencia de 20,(veinte),Quinto.- Vigencia de la concesión para uso comercial. En términos de lo dispuesto por los artículos 72 y 75 de la Ley la vigencia de la concesión única y las concesiones sobre el espectro radioeléctrico para uso comercial serán hasta por 30 (treinta) y 20 (veinte) años respectivamente por lo que se considera que la concesión para usar aprovechar y explotar bandas de frecuencia de el espectro radioeléctrico para uso comercial se otorgue con una vigencia de 20,Regla 2,L_P_IFT_231015_479_Acc.docx
treinta,treinta y 20 veinte años respectivamente por lo que se considera que la concesión para usar aprovechar y explotar bandas de frecuencia de el espectro radioeléctrico para uso comercial se otorgue con una vigencia de 20 veinte años contada a partir de el día 17 de agosto de 2009 y vencimiento al 17 de agosto de 2029. En tanto que el título de concesión única para uso comercial tendrá una vigencia de 30,(treinta),Quinto.- Vigencia de la concesión para uso comercial. En términos de lo dispuesto por los artículos 72 y 75 de la Ley la vigencia de la concesión única y las concesiones sobre el espectro radioeléctrico para uso comercial serán hasta por 30 (treinta) y 20 (veinte) años respectivamente por lo que se considera que la concesión para usar aprovechar y explotar bandas de frecuencia de el espectro radioeléctrico para uso comercial se otorgue con una vigencia de 20 (veinte) años contada a partir de el día 17 de agosto de 2009 y vencimiento al 17 de agosto de 2029. En tanto que el título de concesión única para uso comercial tendrá una vigencia de 30,Regla 2,L_P_IFT_231015_479_Acc.docx
Vacía, Vacía ,(frecuencia atribuida para la prestación del servicio de radiodifusión),Conforme a ello la acepción “otorgar” no es limitante a la entrega de nuevas concesiones sino que se refiere a todo aquel acto mediante el cual el Estado cede el derecho de uso aprovechamiento y explotación de bienes dominio de la Nación sea por primera ocasión como en el caso de el otorgamiento de frecuencias de radiodifusión a razón y con motivo de un procedimiento licitatorio o bien como es el caso que nos ocupa a razón de un acto mediante el cual se reitera beneficio de el otorgamiento de la misma concesión es decir prorroga la autorización para seguir usando aprovechando y explotando el bien previamente concesionado,Regla 3,L_P_IFT_231015_479_Acc.docx
Vacía, Vacía ,(banda de frecuencias 76-82 MHz),En consecuencia en ejercicio de las atribuciones establecidas el artículo 29 fracción VII de el Estatuto Orgánico la UER solicitó a la SHCP la autorización de los aprovechamientos correspondientes a la prórroga de la concesión que nos ocupa por veinte años; en respuesta mediante oficio No. 349-B-237 de el 05 de junio de 2015 emitido por la Unidad de Política de Ingresos no Tributarios de la SHCP se autorizó el monto propuesto por concepto de contraprestación que le corresponde cubrir al Concesionario por el otorgamiento de la prórroga solicitada respecto de el uso aprovechamiento y explotación de el canal 5,Regla 3,L_P_IFT_231015_479_Acc.docx
Vacía, Vacía ,(Licitación No. IFT-1),Que los montos de los aprovechamientos propuestos por el IFT fueron calculados tomando como referencia los resultados de la más reciente licitación pública que concluyó en 2015 de canales de transmisión para la prestación de el servicio público de televisión radiodifundida digital,Regla 3,L_P_IFT_231015_479_Acc.docx
Vacía, Vacía ,(pesos),,Regla 3,L_P_IFT_231015_479_Acc.docx
Vacía, Vacía ,(Licitación No. IFT-1),Derivado de lo transcrito conforme a lo autorizado por la SHCP y considerando que conforme al resultado de la licitación pública que concluyó en 2015 de canales de transmisión para la prestación de el servicio público de televisión radiodifundida digital,Regla 3,L_P_IFT_231015_479_Acc.docx
Vacía, Vacía ,(canal 5),Derivado de lo transcrito conforme a lo autorizado por la SHCP y considerando que conforme al resultado de la licitación pública que concluyó en 2015 de canales de transmisión para la prestación de el servicio público de televisión radiodifundida digital (Licitación No. IFT-1) en la que resultó ganadora la empresa Cadena Tres S.A. de C.V.  el pago por MHz por habitante corresponde a la cantidad de $2.835 pesos y teniendo en cuenta que dentro de el área de cobertura de la estación objeto de la presente resolución se encuentra contenido un total de 245445 habitantes y el ancho de banda de un canal de televisión es de 6 Mhz por tanto el monto de la contraprestación que le corresponde cubrir al Concesionario por la banda de frecuencias 76-82 MHz,Regla 3,L_P_IFT_231015_479_Acc.docx
Vacía, Vacía ,(cuatro millones ciento setenta y cuatro mil quinientos cincuenta y siete pesos 00/100 M.N.),Derivado de lo transcrito conforme a lo autorizado por la SHCP y considerando que conforme al resultado de la licitación pública que concluyó en 2015 de canales de transmisión para la prestación de el servicio público de televisión radiodifundida digital (Licitación No. IFT-1) en la que resultó ganadora la empresa Cadena Tres S.A. de C.V.  el pago por MHz por habitante corresponde a la cantidad de $2.835 pesos y teniendo en cuenta que dentro de el área de cobertura de la estación objeto de la presente resolución se encuentra contenido un total de 245445 habitantes y el ancho de banda de un canal de televisión es de 6 Mhz por tanto el monto de la contraprestación que le corresponde cubrir al Concesionario por la banda de frecuencias 76-82 MHz (canal 5) en Sabinas Coahuila distintivo de llamada XHSDD-TV asciende a la cantidad de $4174557.00,Regla 3,L_P_IFT_231015_479_Acc.docx
Vacía, Vacía ,(treinta),En consecuencia el Concesionario deberá exhibir ante este Instituto el comprobante con el que se acredite haber realizado el pago de la contraprestación en cuestión dentro de un plazo de 30,Regla 3,L_P_IFT_231015_479_Acc.docx
Vacía, Vacía ,(banda de frecuencias 76-82 MHz),PRIMERO.- Se resuelve favorablemente la solicitud de prórroga de la Concesión para continuar usando con fines comerciales el canal 5,Regla 3,L_P_IFT_231015_479_Acc.docx
Vacía, Vacía ,(banda de frecuencias 76-82 MHz),SEGUNDO.- Se otorga a favor de Telesistemas de Coahuila S.A. de C.V. una Concesión para usar aprovechar y explotar bandas de frecuencia de el espectro radioeléctrico para la prestación de el servicio público de televisión a través de el canal 5,Regla 3,L_P_IFT_231015_479_Acc.docx
Vacía, Vacía ,(veinte),SEGUNDO.- Se otorga a favor de Telesistemas de Coahuila S.A. de C.V. una Concesión para usar aprovechar y explotar bandas de frecuencia de el espectro radioeléctrico para la prestación de el servicio público de televisión a través de el canal 5 (banda de frecuencias 76-82 MHz) con distintivo de llamada XHSDD-TV en Sabinas Coahuila así como una Concesión Única ambas de Uso Comercial con una vigencia de 20,Regla 3,L_P_IFT_231015_479_Acc.docx
Vacía, Vacía ,(treinta),SEGUNDO.- Se otorga a favor de Telesistemas de Coahuila S.A. de C.V. una Concesión para usar aprovechar y explotar bandas de frecuencia de el espectro radioeléctrico para la prestación de el servicio público de televisión a través de el canal 5 (banda de frecuencias 76-82 MHz) con distintivo de llamada XHSDD-TV en Sabinas Coahuila así como una Concesión Única ambas de Uso Comercial con una vigencia de 20 (veinte) y 30,Regla 3,L_P_IFT_231015_479_Acc.docx
Vacía, Vacía ,(treinta),TERCERO.- Se instruye a la Unidad de Concesiones y Servicios a notificar personalmente a Telesistemas de Coahuila S.A. de C.V. el contenido de la presente Resolución así como las nuevas  condiciones establecidas en los mode elos de títulos de Concesión señalados en el Resolutivo Segundo contenidas en los Anexos 1 y 2 de la presente Resolución a efecto de recabar de dicha concesionaria en un plazo no mayor a 30,Regla 3,L_P_IFT_231015_479_Acc.docx
Vacía, Vacía ,(cuatro millones ciento setenta y cuatro mil quinientos cincuenta y siete pesos 00/100 M.N.),CUARTO.- Dentro de el mismo plazo señalado en el Resolutivo Tercero Telesistemas de Coahuila S.A. de C.V. deberá exhibir el comprobante de pago de el aprovechamiento autorizado por la Secretaría de Hacienda y Crédito Público por un monto de $4174557.00,Regla 3,L_P_IFT_231015_479_Acc.docx
Vacía, Vacía ,(banda de frecuencias),QUINTO.- En caso de que Telesistemas de Coahuila S.A. de C.V. no dé cumplimiento a lo señalado en los Resolutivos Tercero y Cuarto la presente Resolución quedará sin efectos y el canal,Regla 3,L_P_IFT_231015_479_Acc.docx
