2008-03-07,solicitó,9927,refrendo,,,88,182,El 13_de_diciembre_de_2006  de conformidad con los artículos 13 de la Ley_Federal_de_Telecomunicaciones ( en adelante “ LFT ” )  16 y 21 de la Ley_Federal_de_Radio_y_Televisión ( en los sucesivo  la “ LFRTV  la Comisión_Federal_de_Telecomunicaciones ( en_lo_sucesivo  la “ COFETEL ” )  otorgó a_favor_de Roberto_Casimiro_González_Treviño ( en_lo_sucesivo el “ Concesionario ” )  el refrendo de la Concesión para operar y explotar el canal 7 ( 174-180 MHz )  a_través_de la estación de televisión con distintivo de llamada XHRCG-TV  en Saltillo  Coahuila  con vigencia de 20 ( veinte ) años  contados a_partir_de el día_3_de_julio_de_1989 y vencimiento el 2_de_julio_de_2009 ( en_lo_sucesivo  la “ Concesión ” ) . II . - Solicitud_de_Refrendo . Mediante oficio presentado el 2_de_abril_de_2008 ante la entonces COFETEL  el Subdirector_de_Comunicaciones_de_el_Centro_SCT “ Coahuila ” remite el escrito de fecha 7_de_marzo_de_2008  mediante el cual el Concesionario solicitó el refrendo de la Concesión ( en la sucesivo  la “ Solicitud ” ) . III . - Decreto_de_Reforma_Constitucional . Con fecha 11_de_junio_de_2013 se publicó en el Diario_Oficial_de_la_Federación ( en_lo_sucesivo  el “ DOF ” ) el “ Decreto por el que se reforman y adicionan diversas disposiciones de los artículos 6o .  7o .  27  28  73  78  94 y 105 de la Constitución_Política_de_los_Estados_Unidos_Mexicanos  en_materia_de telecomunicaciones ” ( en_lo_sucesivo  el “ Decreto_de_Reforma_Constitucional ” )  mediante el cual se creó el Instituto_Federal_de_Telecomunicaciones ( en_lo_sucesivo  el “ Instituto ” ) .
2015-02-25,solicitó,10652,emisión,,1502,88,606,Con oficio IFT de el 25_de_febrero_de_2015  la Unidad_de_Concesiones_Y_Servicios ( en_lo_sucesivo  la “ UCS ” )  de conformidad con lo establecido en los artículos 32 y 34 fracción II_de_el_Estatuto_Orgánico  solicitó a la Unidad_de_Cumplimiento ( en_lo_sucesivo  la “ UC ” ) la emisión de el dictamen sobre el cumplimiento de las obligaciones de la Concesión .
2015-02-27,solicitó,1602,establecidas,,9967,88,722,Con oficio IFT de el 27_de_febrero_de_2015  la Dirección_General_de_Concesiones_de_Radiodifusión_de_la_UCS  solicitó a la Dirección_General_de_el_Economía_de_el_Espectro_y_Recursos_Orbitales_de_la_Unidad_de_Espectro_Radioeléctrico ( en_lo_sucesivo  la “ UER ” )  que en ejercicio de sus facultades establecidas en el artículo 29 fracción VII_de_el_Estatuto_Orgánico  realizara la propuesta de el monto de la contraprestación con motivo de la solicitud de prórroga de vigencia de la Concesión de uso comercial para usar  aprovechar y explotar bandas de frecuencias de el espectro radioeléctrico para la prestación de servicio de televisión .
2008-04-02,solicitó,10135,otorgamiento,,,88,3320,El Concesionario  mediante escrito presentado el 2_de_abril_de_2008  solicitó el otorgamiento de el refrendo de la Concesión para usar el canal 7 ( banda de frecuencia 174-180 MHz ) a_través_de la estación de televisión con distintivo de llamada XHRCG-TV  en Saltillo  Coahuila  en tal virtud  se procede conforme_a lo establecido en la Ley en los siguientes términos : Cumplimiento de obligaciones .
2014-11-20,solicitó,2630,otorgamiento,,2086,108,217,Con fecha 20_de_noviembre_de_2014  la empresa Promotora_Mercantil_Escogar_de_la_Frailesca_Sadecv ( “ Promotora_Mercantil ” )  a_través_de su representante legal  presentó ante el Instituto un escrito por_medio_de el cual solicitó el otorgamiento de un título de concesión para instalar  operar y explotar una red pública de telecomunicaciones con cobertura en Jaltenango_de_la_Paz ( Ángel_Albino_Corzo )  Municipio_de_Ángel_Albino_Corzo  en el Estado_de_Chiapas  para prestar el servicio de televisión restringida por cable ( la “ Solicitud_de_Concesión ” ) .
2015-06-12,solicitó,11231,manifieste,,2630,108,368,Con fecha 12_de_junio_de_2015  la Unidad_de_Concesiones_Y_Servicios a_través_de la Dirección_General_de_Concesiones_de_Telecomunicaciones  emitió el oficio IFT mediante el cual solicitó a Promotora_Mercantil que manifieste su interés de obtener una concesión única para uso comercial  en_virtud_de que el régimen de concesionamiento señalado en la Solicitud_de_Concesión había cambiado a_partir_de la entrada en vigor de la Ley_Federal_de_Telecomunicaciones_y_Radiodifusión ( la “ Ley ” ) .
2015-07-17,solicitó,11231,,,1709,108,1737,Por otra parte  la Unidad_de_Concesiones_Y_Servicios  a_través_de la Dirección_General_de_Concesiones_de_Telecomunicaciones  mediante oficio IFT de fecha 17_de_julio_de_2015  solicitó a la Dirección_General_de_Concentraciones_Y_Concesiones_de_la_Unidad_de_Competencia_Económica  opinión respecto_de la Solicitud_de_Concesión .
2014-11-28,solicitó,11188,opinión,,11222,108,2262,En conclusión  con base en la información disponible  no se prevé que  en_caso_de que se otorgue autorización para que Promotora_Mercantil obtenga una concesión única se generen efectos contrarios en el proceso de competencia y libre concurrencia . ” ( Sic ) Finalmente  en relación con lo señalado en el párrafo décimo séptimo de el artículo 28 de la Constitución  a_través_de el oficio IFT notificado el 28_de_noviembre_de_2014  el Instituto  a_través_de la Unidad_de_Concesiones_Y_Servicios  solicitó a la Secretaría opinión técnica correspondiente a la Solicitud_de_Concesión .
2014-09-12,solicitó,3267,otorgamiento,,2086,111,203,Con fecha 12_de_septiembre_de_2014  el C._Francisco_Grajales_Palacios presentó ante el Instituto un escrito por_medio_de el cual solicitó el otorgamiento de un título de concesión para instalar  operar y explotar una red pública de telecomunicaciones con cobertura en la localidad de Venustiano_Carranza  Municipio_de_Venustiano_Carranza  en el Estado_de_Chiapas  para prestar el servicio de televisión restringida por cable ( la “ Solicitud_de_Concesión ” ) .
2014-10-08,solicitó,2086,opinión,,11170,111,263,El 8_de_octubre_de_2014  el Instituto a_través_de la Unidad_de_Concesiones_Y_Servicios  solicitó a la Secretaría_de_Comunicaciones_Y_Transportes ( la “ Secretaría ” ) la opinión técnica correspondiente a la Solicitud_de_Concesión  mediante oficio IFT  de conformidad con lo establecido en el artículo 28 párrafo décimo séptimo de la Constitución_Política_de_los_Estados_Unidos_Mexicanos ( la “ Constitución ” ) .
2015-06-03,solicitó,11231,,,1709,111,1470,Por otra parte  la Unidad_de_Concesiones_Y_Servicios  a_través_de la Dirección_General_de_Concesiones_de_Telecomunicaciones  mediante oficio IFT de fecha 3_de_junio_de_2015  solicitó a la Dirección_General_de_Concentraciones_Y_Concesiones_de_la_Unidad_de_Competencia_Económica  opinión respecto_de la Solicitud_de_Concesión .
2014-10-08,solicitó,11188,opinión,,11222,111,1752,( … ) ” Finalmente  en relación con lo señalado en el párrafo décimo séptimo de el artículo 28 de la Constitución  a_través_de el oficio IFT notificado el 8_de_octubre_de_2014  el Instituto  a_través_de la Unidad_de_Concesiones_Y_Servicios  solicitó a la Secretaría la opinión técnica correspondiente a la Solicitud_de_Concesión .
2015-08-27,solicitó,3380,otorgamiento,,,112,245,Con fecha 27_de_agosto_de_2015  Lumenet_Comunicaciones_Srldecv solicitó  a_través_de su representante legal  el otorgamiento de una concesión única para uso comercial para prestar el servicio de televisión restringida con cobertura en la localidad de Mexicali  Municipio_de_Mexicali  en el Estado_de_Baja_California ( la “ Solicitud_de_Concesión ” ) .
2015-09-07,solicitó,2086,opinión,,11170,112,299,Mediante oficio IFT notificado el 7_de_septiembre_de_2015  el Instituto solicitó a la Secretaría_de_Comunicaciones_Y_Transportes ( la “ Secretaría ” ) la opinión técnica correspondiente a la Solicitud_de_Concesión  de conformidad con lo establecido en el artículo 28 párrafo décimo séptimo de la Constitución_Política_de_los_Estados_Unidos_Mexicanos ( la “ Constitución ” ) .
2015-09-09,solicitó,11231,,,1709,112,1948,Por otra parte  la Unidad_de_Concesiones_Y_Servicios  a_través_de la Dirección_General_de_Concesiones_de_Telecomunicaciones  mediante oficio IFT notificado el 9_de_septiembre_de_2015  solicitó a la Dirección_General_de_Concentraciones_Y_Concesiones_de_la_Unidad_de_Competencia_Económica  opinión respecto_de la Solicitud_de_Concesión .
2015-09-07,solicitó,2086,opinión,,11222,112,2327,[ … ] . ” Finalmente  en relación con lo señalado en el párrafo décimo séptimo de el artículo 28 de la Constitución  a_través_de el oficio IFT notificado el 7_de_septiembre_de_2015  el Instituto solicitó a la Secretaría opinión técnica correspondiente a la Solicitud_de_Concesión .
2015-04-22,solicitó,2086,opinión,,11222,90,320,De conformidad con lo dispuesto en el Decreto_de_Reforma_Constitucional y la Ley_Federal_de_Telecomunicaciones_y_Radiodifusión ( la “ Ley ” )  mediante oficio IFT  notificado el 22_de_abril_de_2015  el Instituto a_través_de la Unidad_de_Concesiones_Y_Servicios  solicitó a la Secretaría la opinión técnica correspondiente a la Solicitud_de_Prórroga  en términos de lo establecido por el artículo 28 párrafo décimo séptimo de la Constitución_Política_de_los_Estados_Unidos_Mexicanos ( la “ Constitución ” ) .
2015-04-20,solicitó,11231,adscrita,,1515,90,2377,Por lo que hace a el segundo requisito de procedencia establecido en el artículo 113 de la Ley que señala que el concesionario debe encontrar se a el corriente en el cumplimiento de las obligaciones establecidas en la Ley y demás disposiciones aplicables  así_como de el título de concesión que se pretende prorrogar  la Unidad_de_Concesiones_Y_Servicios a_través_de la Dirección_General_de_Concesiones_de_Telecomunicaciones  mediante oficio IFT de fecha 20_de_abril_de_2015  solicitó a la Dirección_General_de_Supervisión adscrita Unidad_Cumplimiento  informara si dicho concesionario se encontraba en cumplimiento de las obligaciones y condiciones relacionadas con su título de concesión y demás ordenamientos aplicables .
2015-04-20,solicitó,11231,,,1980,90,2757,Por otra parte  la Unidad_de_Concesiones_Y_Servicios a_través_de la Dirección_General_de_Concesiones_de_Telecomunicaciones  mediante oficio IFT de fecha 20_de_abril_de_2015  solicitó a la Dirección_General_de_Concentraciones_Y_Concesiones_de_la_Unidad_de_Competencia_Económica  opinión respecto_de la Solicitud_de_Prórroga .
2015-04-22,solicitó,11209,opinión,,11222,90,3086,Tampoco se identifican elementos que permita concluir que exista una alternativa a la autorización de la prórroga correspondiente a el Solicitante que pudiera mejorar las condiciones de competencia económica en los mercados . ” Por_otro_lado  en relación con lo señalado en el párrafo cuarto de el artículo 114 de la Ley  a_través_de el oficio IFT notificado el 22_de_abril_de_2015  el Instituto a_través_de la Unidad_de_Concesiones_Y_Servicios  solicitó a la Secretaría opinión técnica correspondiente a la Solicitud_de_Prórroga .
2013-07-22,solicitó,10998,informara,,1981,93,2160,Por lo que hace a el primer requisito señalado en el artículo 27 de la Ley_Federal_de_Telecomunicaciones  que señala que el concesionario debe encontrar se a el corriente en el cumplimiento de las obligaciones establecidas en las leyes aplicables y demás disposiciones  así_como de el título de concesión que se pretende prorrogar  la entonces Dirección_General_de_Redes  Espectro_Y_Servicios “ A ”  adscrita a la Unidad_de_Servicios a la Industria de la extinta Comisión  mediante oficio CFT de fecha 22_de_julio_de_2013  solicitó a la entonces Unidad_de_Supervisión_y_Verificación informara si dicha concesionaria se encontraba en cumplimiento de las obligaciones y condiciones relacionadas con su título de concesión y demás ordenamientos aplicables .
2014-11-18,solicitó,11231,,,1980,93,2659,Por otra parte  la Unidad_de_Concesiones_Y_Servicios  a_través_de la Dirección_General_de_Concesiones_de_Telecomunicaciones  mediante oficio IFT de fecha 18_de_noviembre_de_2014  solicitó a la Dirección_General_de_Concentraciones_Y_Concesiones_de_la_Unidad_de_Competencia_Económica  opinión respecto_de la Solicitud_de_Prórroga .
2008-06-12,solicitó,10135,refrendo,,1594,137,154,Mediante escrito presentado el 12_de_junio_de_2008 ante la entonces Comisión_Federal_de_Telecomunicaciones  el Concesionario  solicitó el refrendo de la Concesión ( en la sucesivo  la “ Solicitud ” ) .
2015-02-25,solicitó,10652,emisión,,1502,137,464,Con oficio IFT de el 25_de_febrero_de_2015  la Unidad_de_Concesiones_Y_Servicios ( en_lo_sucesivo  la “ UCS ” )  de conformidad con lo establecido en los artículos 32 y 34 fracción II_de_el_Estatuto_Orgánico solicitó a la Unidad_de_Cumplimiento ( en_lo_sucesivo  la “ UC ” ) la emisión de el dictamen sobre el cumplimiento de las obligaciones de la Concesión .
2015-02-27,solicitó,1602,establecidas,,9967,137,578,Con oficio IFT de el 27_de_febrero_de_2015  la Dirección_General_de_Concesiones_de_Radiodifusión_de_la_UCS  solicitó a la Dirección_General_de_el_Economía_de_el_Espectro_y_Recursos_Orbitales_de_la_Unidad_de_Espectro_Radioeléctrico ( en_lo_sucesivo  la “ UER ” )  que en ejercicio de sus facultades establecidas en el artículo 29 fracción VII_de_el_Estatuto_Orgánico  realizara la propuesta de el monto de la contraprestación con motivo de la solicitud de prórroga de vigencia de la Concesión de uso comercial para usar  aprovechar y explotar bandas de frecuencias de el espectro radioeléctrico para la prestación de servicio de televisión .
2008-06-12,solicitó,10135,otorgamiento,,,137,2538,El Concesionario  mediante escrito presentado el 12_de_junio_de_2008  solicitó el otorgamiento de el refrendo de la Concesión para usar el canal 2 ( - ) ( banda de frecuencias 54-60 MHz ) a_través_de la estación de televisión con distintivo de llamada XHKG-TV  en Tepic  Nayarit  en tal virtud  se procede conforme_a lo establecido en la Ley en los siguientes términos : Cumplimiento de obligaciones .
2009-07-31,solicitó,11004,inicio,,1759,78,4097,CUARTO . - Plazo previsto en el artículo 42 de la LFT . - En_virtud_de que Axtel solicitó a Telmex_y_Telnor con fecha 31_de_julio_de_2009  el inicio formal de negociaciones de los términos  condiciones y tarifas aplicables para la interconexión de sus respectivas redes públicas de telecomunicaciones a_partir_de el 10_de_enero_de_2010 y hasta el 31_de_diciembre_de_2010  Y dado_que ha transcurrido en exceso el plazo legal de 60 ( sesenta ) días  sin que a la fecha de emisión de la presente Resolución las partes hayan acordado los términos y condiciones  esta Comisión de conformidad con los artículos 9-A fracción X y 42 de la LFT  8 Y 9 de el Plan_de_Interconexión  se aboca a resolver sobre aquellos puntos de desacuerdo que se someten a su consideración .
2009-10-16,solicitó,1777,inicio,,1759,78,4338,De igual forma  se advierte que el plazo de 60 ( sesenta ) días naturales establecido en el artículo 42 de la LFT para que Axtel  Telmex_y_Telnor acordaran los términos  condiciones y tarifas de interconexión  ha transcurrido en exceso desde la fecha en que Axtel solicitó a Telmex_y_Telnor el inicio de negociaciones a el 16_de_octubre_de_2009  fecha de la solicitud presentada por Axtel ante la Comisión .
2007-02-23,solicitó,10135,refrendo,,1594,74,281,Mediante escrito presentado el 23_de_febrero_de_2007 ante la entonces Comisión_Federal_de_Telecomunicaciones  el Concesionario  por conducto de su representante legal  solicitó el refrendo de la Concesión ( en la sucesivo  la “ Solicitud ” ) en términos de la LFRTV y de el Reglamento_de_la_Ley_Federal_de_Radio_y_Televisión  en_materia_de concesiones  permisos y contenido de las transmisiones de radio y televisión ( en_lo_sucesivo  el “ Reglamento ” ) .
2015-02-25,solicitó,10652,emisión,,1502,74,572,Con oficio IFT de el 25_de_febrero_de_2015  la Dirección_General_de_Concesiones_de_Radiodifusión_de_la_Unidad_de_Concesiones_Y_Servicios ( en_lo_sucesivo  la “ UCS ” )  de conformidad con lo establecido en los artículos 32 y 34 fracción II_de_el_Estatuto_Orgánico solicitó a la Unidad_de_Cumplimiento ( en_lo_sucesivo  la “ UC ” ) la emisión de el dictamen sobre el cumplimiento de las obligaciones de la Concesión .
2015-02-27,solicitó,1602,establecidas,,9967,74,685,Con oficio IFT de el 27_de_febrero_de_2015  la Dirección_General_de_Concesiones_de_Radiodifusión_de_la_UCS  solicitó a la Dirección_General_de_el_Economía_de_el_Espectro_y_Recursos_Orbitales_de_la_Unidad_de_Espectro_Radioeléctrico ( en_lo_sucesivo  la “ UER ” )  que en ejercicio de sus facultades establecidas en el artículo 29 fracción VII_de_el_Estatuto_Orgánico  realizara la propuesta de el monto de la contraprestación con motivo de la solicitud de prórroga de vigencia de la Concesión de uso comercial para usar  aprovechar y explotar bandas de frecuencias de el espectro radioeléctrico para la prestación de servicio de televisión .
2007-02-23,solicitó,10135,otorgamiento,,,74,2749,El Concesionario  mediante escrito presentado el 23_de_febrero_de_2007  solicitó el otorgamiento de el refrendo de la Concesión para usar el canal 5 ( banda de frecuencias 76-82 MHz ) a_través_de la estación de televisión con distintivo de llamada XHSDD-TV  en Sabinas  Coahuila  en tal virtud  se procede conforme_a lo establecido en la Ley en los siguientes términos : Temporalidad .
2013-11-14,solicitó,1427,opinión,,11222,87,224,El 14_de_noviembre_de_2013  de conformidad con lo dispuesto en el Decreto_de_Reforma_Constitucional  mediante oficio IFT  el Instituto solicitó a la Secretaría la opinión técnica correspondiente a la Solicitud_de_Prórroga  en términos de lo establecido por el artículo 28 párrafo décimo séptimo de la Constitución_Política_de_los_Estados_Unidos_Mexicanos ( la “ Constitución ” ) .
2013-10-08,solicitó,9746,informara,,1981,87,2172,Por lo que hace a el primer requisito señalado en el artículo 27 de la LFT  que señala que el concesionario debe encontrar se a el corriente en el cumplimiento de las obligaciones establecidas en las leyes aplicables y demás disposiciones  así_como de el título de concesión que se pretende prorrogar  la entonces Unidad_de_Servicios a la Industria_de_el_Instituto  mediante oficio IFT de fecha 8_de_octubre_de_2013  solicitó a la entonces Unidad_de_Supervisión_y_Verificación informara si dicho concesionario se encontraba en cumplimiento de las obligaciones y condiciones relacionadas con su título de concesión y demás ordenamientos aplicables .
2014-11-18,solicitó,11231,,,1980,87,2677,Por otra parte  la Unidad_de_Concesiones_Y_Servicios  a_través_de la Dirección_General_de_Concesiones_de_Telecomunicaciones  mediante oficio IFT de fecha 18_de_noviembre_de_2014  solicitó a la Dirección_General_de_Concentraciones_Y_Concesiones_de_la_Unidad_de_Competencia_Económica  opinión respecto_de la Solicitud_de_Prórroga .
2013-11-14,solicitó,2086,opinión,,11222,87,3033,Tampoco se identifican elementos que permitan concluir que exista una alternativa a la autorización de la prórroga solicitada por el C._Javier_Moreno_López que pudiera mejorar las condiciones de competencia económica en los mercados . ” Por_otro_lado  en relación con lo señalado en el artículo 28 párrafo décimo séptimo de la Constitución  a_través_de el oficio IFT notificado el 14_de_noviembre_de_2013  el Instituto solicitó a la Secretaría opinión técnica correspondiente a la Solicitud_de_Prórroga .
2014-02-07,solicitó,1427,opinión,,11222,132,283,El 7_de_febrero_de_2014  de conformidad con lo dispuesto en el Decreto_de_Reforma_Constitucional  mediante oficio IFT  el Instituto solicitó a la Secretaría la opinión técnica correspondiente a la Solicitud_de_Prórroga  en términos de lo establecido por el artículo 28 párrafo décimo séptimo de la Constitución_Política_de_los_Estados_Unidos_Mexicanos ( la “ Constitución ” ) .
2014-02-04,solicitó,10997,informara,,1981,132,2276,Por lo que hace a el primer requisito señalado en el artículo 27 de la LFT  que señala que el concesionario debe encontrar se a el corriente en el cumplimiento de las obligaciones establecidas en las leyes aplicables y demás disposiciones  así_como de el título de concesión que se pretende prorrogar  la Dirección_General_de_Licitaciones_de_Espectro_Radioeléctrico_Y_Servicios  adscrita a la entonces Unidad_de_Servicios a la Industria  mediante oficio IFT de fecha 4_de_febrero_de_2014  solicitó a la entonces Unidad_de_Supervisión_y_Verificación informara si dicha concesionaria se encontraba en cumplimiento de las obligaciones y condiciones relacionadas con su título de concesión y demás ordenamientos aplicables .
2015-12-29,solicitó,,informe,,1992,132,2506,[ … ] No_obstante lo anterior  le informo que mediante oficio IFT de fecha 2_de_junio_de_2015  la Dirección_General_de_Verificación informó “ que de la revisión practicada a los archivos de la Dirección_General_de_Verificación  no se encontró denuncia presentada en_contra_de el concesionario mencionado de la cual esté pendiente de realizar visita de inspección y verificación  respecto_de el incumplimiento de las obligaciones a su cargo ”  a_efecto_de actualizar la información anterior se solicitó nuevamente a la Dirección_General_de_Verificación un informe de dicha concesionaria  en respuesta mediante nota informativa de fecha 29_de_diciembre_de_2015  indica que no existe cambio respecto_de lo antes informado a esta Dirección_General . ” Por lo que hace a el segundo requisito de procedencia establecido por el artículo 27 de la LFT  relativo a que Telecable_Bacalar_Sadecv  hubiere solicitado la prórroga antes_de el inicio de la última quinta parte de la Concesión  este Instituto considera que el mismo se encuentra cumplido  en_virtud_de que la Concesión fue otorgada el 20_de_enero_de_2006 con una vigencia de 10 ( diez ) años contados a_partir_de ese momento  y la Solicitud_de_Prórroga fue presentada el 8_de_enero_de_2014 ante el Centro_SCT_de_el_Estado_de_Quintana_Roo  es decir  antes_de iniciar la última quinta parte de la Concesión .
2014-11-18,solicitó,11231,,,1980,132,2839,Por otra parte  la Unidad_de_Concesiones_Y_Servicios  a_través_de la Dirección_General_de_Concesiones_de_Telecomunicaciones  mediante oficio IFT de fecha 18_de_noviembre_de_2014  solicitó a la Dirección_General_de_Concentraciones_Y_Concesiones_de_la_Unidad_de_Competencia_Económica  opinión respecto_de la Solicitud_de_Prórroga .
2014-02-07,solicitó,2086,opinión,,11222,132,3191,Tampoco se identifican elementos que permitan concluir que exista una alternativa a la autorización de la prórroga solicitada por Telecable_Bacalar_Sadecv que pudiera mejorar las condiciones de competencia económica en los mercados . ” Por_otro_lado  en relación con lo señalado en el artículo 28 párrafo décimo séptimo de la Constitución  a_través_de el oficio IFT notificado el 7_de_febrero_de_2014  el Instituto solicitó a la Secretaría opinión técnica correspondiente a la Solicitud_de_Prórroga .
2015-12-02,solicitó,9162,opinión,,11222,70,407,Mediante oficio IFT notificado el 2_de_diciembre_de_2015  la Unidad_de_Concesiones_Y_Servicios_de_el_Instituto solicitó a la Secretaría la opinión técnica correspondiente a la Solicitud_de_Enajenación_de_Acciones  de conformidad con lo establecido en el artículo 28 párrafo décimo séptimo de la Constitución_Política_de_los_Estados_Unidos_Mexicanos ( la “ Constitución ” ) .
2015-11-20,solicitó,2086,autorización,,2086,70,2896,En primera instancia  destaca que en el expediente administrativo consta el escrito presentado ante este Instituto el 20_de_noviembre_de_2015  mediante el cual Orgtec_Sapidecv  solicitó a_través_de su representante legal autorización para llevar_a_cabo el cambio de titularidad de la totalidad de sus acciones  propiedad de la empresa Grupo_Gentux_Sapidecv  así_como de el C._Noel_Abel_Delgado_Montañez  a_favor_de RigNet_de_México_Srldecv  y de RNSAT_Servicios_de_México_Srldecv_De esta manera  la estructura accionaria actual de Orgtec_Sapidecv  previa a la operación se encuentra integrada de la siguiente manera : ACCIONISTA_ACCIONES_PORCENTAJE_TOTAL_DE_PARTICIPACIÓN_Grupo_Gentux_Sapidecv 183909999 99.999_% Noel_Abel_Delgado_Montañez 1 0.001_% Total 183910000 100_% En seguimiento a lo anterior  de la Solicitud_de_Enajenación_de_Acciones se desprende que RigNet_de_México_Srldecv  adquiere el 99.999_% de las acciones de las que es titular Grupo_Gentux_Sapidecv  y que el C._Noel_Abel_Delgado_Montañez enajena el 0.001_% en_favor_de RNSAT_Servicios_de_México_Srldecv_En tal virtud  de autorizar se la Solicitud_de_Enajenación_de_Acciones  el cuadro accionario de Orgtec_Sapidecv  quedaría de la siguiente forma : ACCIONISTA_ACCIONES_PORCENTAJE_TOTAL_DE_PARTICIPACIÓN_RigNet_de_México_Srldecv 183909999 99.999_% RNSAT_Servicios_de_México_Srldecv 1 0.001_% Total 183910000 100_% Por otra parte  la Dirección_General_de_Concentraciones_Y_Concesiones  adscrita a la Unidad_de_Competencia_Económica  emitió opinión respecto_de la Solicitud_de_Enajenación_de_Acciones  señalando entre otras cosas  lo siguiente : “ Con base en la información disponible para este Instituto  se concluye que la enajenación de acciones de Orgtec_Sapidecv  propiedad de la empresa Grupo_Gentux_Sapidecv y de el C._Noel_Abel_Delgado_Montañez  a_favor_de RigNet_de_México_Srldecv y de RNSAT_Servicios_de_México_Srldecv  previsiblemente no tendría efectos contrarios a el proceso de competencia económica .
2015-12-02,solicitó,2086,opinión,,11222,70,3352,Ahora_bien  en relación con el tercer requisito de procedencia este Instituto mediante oficio IFT notificado el 2_de_diciembre_de_2015  solicitó a la Secretaría la opinión técnica respecto_de la Solicitud_de_Enajenación_de_Acciones .
2015-10-26,solicitó,5516,autorización,,,95,410,Con fecha 26_de_octubre_de_2015  Televisión_por_Cable_de_Múzquiz_Sadecv solicitó  a_través_de su representante legal  autorización para transitar la Concesión a el régimen de Concesión_Única_para_Uso_Comercial ( la “ Solicitud_de_Transición ” ) .
2015-10-30,solicitó,11231,adscrita,,1515,95,2069,Por lo que hace a el tercer requisito señalado en el artículo 27 de los Lineamientos que señala que para que proceda la solicitud para transitar a la Concesión_Única_para_Uso_Comercial  el solicitante deberá encontrar se en cumplimiento de las obligaciones establecidas en su título de concesión y las obligaciones derivadas de la legislación aplicable  la Unidad_de_Concesiones_Y_Servicios  a_través_de la Dirección_General_de_Concesiones_de_Telecomunicaciones  mediante oficio IFT de fecha 30_de_octubre_de_2015  solicitó a la Dirección_General_de_Supervisión adscrita a la Unidad_de_Cumplimiento informara si dicha concesionaria se encontraba en cumplimiento de las obligaciones y condiciones relacionadas con su título de concesión y demás ordenamientos aplicables .
2014-03-12,solicitó,1427,opinión,,11222,117,252,El 12_de_marzo_de_2014  de conformidad con lo dispuesto en el Decreto_de_Reforma_Constitucional  mediante oficio IFT  el Instituto solicitó a la Secretaría la opinión técnica correspondiente a la Solicitud_de_Prórroga  en términos de lo establecido por el artículo 28 párrafo décimo séptimo de la Constitución_Política_de_los_Estados_Unidos_Mexicanos ( la “ Constitución ” ) .
2013-12-06,solicitó,9746,informara,,1981,117,2205,Por lo que hace a el primer requisito señalado en el artículo 27 de la LFT  que señala que el concesionario debe encontrar se a el corriente en el cumplimiento de las obligaciones establecidas en las leyes aplicables y demás disposiciones  así_como de el título de concesión que se pretende prorrogar  la entonces Unidad_de_Servicios a la Industria_de_el_Instituto  a_través_de la Dirección_General_de_Licitaciones_de_Espectro_Radioeléctrico_Y_Servicios  mediante oficio IFT de fecha 6_de_diciembre_de_2013  solicitó a la entonces Unidad_de_Supervisión_y_Verificación informara si dicho concesionario se encontraba en cumplimiento de las obligaciones y condiciones relacionadas con su título de concesión y demás ordenamientos aplicables .
2014-11-18,solicitó,11231,,,1980,117,2706,Por otra parte  la Unidad_de_Concesiones_Y_Servicios  a_través_de la Dirección_General_de_Concesiones_de_Telecomunicaciones  mediante oficio IFT de fecha 18_de_noviembre_de_2014  solicitó a la Dirección_General_de_Concentraciones_Y_Concesiones_de_la_Unidad_de_Competencia_Económica  opinión respecto_de la Solicitud_de_Prórroga .
2014-03-12,solicitó,2086,opinión,,11222,117,3073,Tampoco se identifican elementos que permitan concluir que exista una alternativa a la autorización de la prórroga solicitada por el C._Mario_Alberto_Radilla_Hernández que pudiera mejorar las condiciones de competencia económica en los mercados . ” Por_otro_lado  en relación con lo señalado en el artículo 28 párrafo décimo séptimo de la Constitución  a_través_de el oficio IFT notificado el 12_de_marzo_de_2014  el Instituto solicitó a la Secretaría opinión técnica correspondiente a la Solicitud_de_Prórroga .
2015-11-04,solicitó,5780,autorización,,,110,384,Con fecha 4_noviembre_de_2015  Grupo_Hidalguense_de_Desarrollo_Sadecv  solicitó a_través_de su representante legal autorización para transitar la Concesión a el régimen de Concesión_Única_para_Uso_Comercial ( la “ Solicitud_Transición ” ) .
2015-12-16,solicitó,11231,adscrita,,1515,110,2127,Por lo que hace a el tercer requisito contemplado en el artículo 27 de los Lineamientos que señala que para que proceda la solicitud para transitar a la concesión única para uso comercial  el solicitante deberá encontrar se en cumplimiento de las obligaciones establecidas en su título de concesión y las obligaciones derivadas de la legislación aplicable  la Unidad_de_Concesiones_Y_Servicios a_través_de la Dirección_General_de_Concesiones_de_Telecomunicaciones  mediante oficios IFT e IFT de fechas 10_de_noviembre y 16_de_diciembre_de_2015  solicitó a la Dirección_General_de_Supervisión adscrita a la Unidad_de_Cumplimiento informara si dicha concesionaria se encontraba en cumplimiento de las obligaciones y condiciones relacionadas con su título de concesión y demás ordenamientos aplicables .
2014-09-18,solicitó,5868,otorgamiento,,2086,97,203,Con fecha 18_de_septiembre_de_2014  la C._María_de_el_Rosario_Manuel_Pineda presentó ante el Instituto un escrito por_medio_de el cual solicitó el otorgamiento de un título de concesión para instalar  operar y explotar una red pública de telecomunicaciones con cobertura en la localidad de Unión_Juárez  Municipio_de_Unión_Juárez  en el Estado_de_Chiapas  para prestar el servicio de televisión restringida por cable ( la “ Solicitud_de_Concesión ” ) .
2014-10-08,solicitó,2086,opinión,,11170,97,263,El 8_de_octubre_de_2014  el Instituto a_través_de la Unidad_de_Concesiones_Y_Servicios  solicitó a la Secretaría_de_Comunicaciones_Y_Transportes ( la “ Secretaría ” ) la opinión técnica correspondiente a la Solicitud_de_Concesión  mediante oficio IFT  de conformidad con lo establecido en el artículo 28 párrafo décimo séptimo de la Constitución_Política_de_los_Estados_Unidos_Mexicanos ( la “ Constitución ” ) .
[??:17/9/??:??.??:??],solicitó,1448,,,1709,97,1474,Por otra parte  la Unidad_de_Concesiones_Y_Servicios  a_través_de la Dirección_General_de_Concesiones_de_Telecomunicaciones  mediante oficios IFT de fecha 3_de_junio_de_2015 e IFT de fecha 17_de_septiembre de el mismo año  solicitó a la Dirección_General_de_Concentraciones_Y_Concesiones_de_la_Unidad_de_Competencia_Económica  opinión respecto_de la Solicitud_de_Concesión .
2014-10-08,solicitó,11188,opinión,,11222,97,1929,En conclusión  con base en la información disponible  no se prevé que  en_caso_de que se otorgue autorización para el Solicitante obtenga una concesión se generen efectos contrarios en el proceso de competencia y libre concurrencia . ” ( sic ) Finalmente  en relación con lo señalado en el párrafo décimo séptimo de el artículo 28 de la Constitución  a_través_de el oficio IFT notificado el 8_de_octubre_de_2014  el Instituto  a_través_de la Unidad_de_Concesiones_Y_Servicios  solicitó a la Secretaría la opinión técnica correspondiente a la Solicitud_de_Concesión .
2015-04-08,solicitó,2835,otorgamiento,,2086,138,223,Con fecha 8_de_abril_de_2015  la empresa Promoción_y_Asesoría_Integral_de_Telecomunicaciones  S.C. ( “ Promoción_y_Asesoría ” )  a_través_de su representante legal  presentó ante el Instituto un escrito por_medio_de el cual solicitó el otorgamiento de una concesión única para uso comercial con cobertura en San_José_Chiapa  Municipio_de_San_José_Chiapa  en el Estado_de_Puebla  para prestar los servicios de televisión restringida por cable y transmisión bidireccional de datos para el Acceso a Internet ( la “ Solicitud_de_Concesión ” ) .
2015-04-27,solicitó,2086,opinión,,11170,138,281,El 27_de_abril_de_2015  el Instituto a_través_de la Unidad_de_Concesiones_Y_Servicios  solicitó a la Secretaría_de_Comunicaciones_Y_Transportes ( la “ Secretaría ” ) la opinión técnica correspondiente a la Solicitud_de_Concesión  mediante oficio IFT  de conformidad con lo establecido en el artículo 28 párrafo décimo séptimo de la Constitución_Política_de_los_Estados_Unidos_Mexicanos ( la “ Constitución ” ) .
2015-07-17,solicitó,11231,,,1709,138,1678,Por otra parte  la Unidad_de_Concesiones_Y_Servicios  a_través_de la Dirección_General_de_Concesiones_de_Telecomunicaciones  mediante oficio IFT de fecha 17_de_julio_de_2015  solicitó a la Dirección_General_de_Concentraciones_Y_Concesiones_de_la_Unidad_de_Competencia_Económica  opinión respecto_de la Solicitud_de_Concesión .
2015-04-27,solicitó,11188,opinión,,11222,138,2006,En conclusión  con base en la información disponible  no se prevé que  en_caso_de que se otorgue autorización para el Solicitante obtenga una concesión única se generen efectos contrarios en el proceso de competencia y libre concurrencia . ” ( sic ) Finalmente  en relación con lo señalado en el párrafo décimo séptimo de el artículo 28 de la Constitución  a_través_de el oficio IFT notificado el 27_de_abril_de_2015  el Instituto a_través_de la Unidad_de_Concesiones_Y_Servicios  solicitó a la Secretaría la opinión técnica correspondiente a la Solicitud_de_Concesión .
2015-08-11,solicitó,6047,autorización,,,125,643,Con escrito de fecha 11_de_agosto_de_2015  Concesionaria_Comseg_Sadecv solicitó a_través_de su representante legal  autorización para transitar la Concesión_de_Red  a el régimen de Concesión_Única_para_Uso_Comercial ( la “ Solicitud_de_Transición ” ) .
2015-10-06,solicitó,11231,adscrita,,1515,125,2281,Por lo que hace a el tercer requisito señalado en el artículo 27 de los Lineamientos que señala que para que proceda la solicitud para transitar a la Concesión_Única_para_Uso_Comercial  el solicitante deberá encontrar se en cumplimiento de las obligaciones establecidas en la Concesión_de_Red y las obligaciones derivadas de la legislación aplicable  la Unidad_de_Concesiones_Y_Servicios  a_través_de la Dirección_General_de_Concesiones_de_Telecomunicaciones  mediante oficios IFT de fecha 27_de_agosto_de_2015 e IFT de fecha 6_de_octubre_de_2015  solicitó a la Dirección_General_de_Supervisión adscrita a la Unidad_de_Cumplimiento informara si dicha concesionaria se encontraba en cumplimiento de las obligaciones y condiciones relacionadas con la Concesión_de_Red y demás ordenamientos aplicables .
2015-08-07,solicitó,2086,otorgamiento,,2086,76,267,Con fecha 7_de_agosto_de_2015  NGNHOLDING_Sadecv ( “ NGNHOLDING ” )  presentó ante el Instituto  a_través_de su representante legal  el formato IFT-Concesión_Única mediante el cual solicitó el otorgamiento de una concesión única para uso comercial  para prestar el servicio de transmisión de datos  a_través_de enlaces de microondas punto a punto  utilizando espectro libre en la banda de 5 GHz  con un programa de cobertura inicial en las localidades de Baca  Municipio_de_Baca  Tanyá  Municipio_de_Motul_y_Mocochá  Municipio_de_Mocochá en el Estado_de_Yucatán ( la “ Solicitud_de_Concesión ” ) .
2015-08-27,solicitó,2086,opinión,,11170,76,347,Mediante oficio IFT notificado el 27_de_agosto_de_2015  el Instituto solicitó a la Secretaría_de_Comunicaciones_Y_Transportes ( la “ Secretaría ” ) la opinión técnica correspondiente a la Solicitud_de_Concesión  de conformidad con lo establecido en el artículo 28 párrafo décimo séptimo de la Constitución_Política_de_los_Estados_Unidos_Mexicanos ( la “ Constitución ” ) .
2015-08-17,solicitó,11231,,,1709,76,1859,Por otra parte  la Unidad_de_Concesiones_Y_Servicios a_través_de la Dirección_General_de_Concesiones_de_Telecomunicaciones  mediante oficio IFT de fecha 17_de_agosto_de_2015  solicitó a la Dirección_General_de_Concentraciones_Y_Concesiones_de_la_Unidad_de_Competencia_Económica  opinión respecto_de la Solicitud_de_Concesión .
2015-08-27,solicitó,2086,opinión,,11222,76,2029,[ … ] . ” Finalmente  en relación con lo señalado en el párrafo décimo séptimo de el artículo 28 de la Constitución  a_través_de el oficio IFT notificado el 27_de_agosto_de_2015  el Instituto solicitó a la Secretaría opinión técnica correspondiente a la Solicitud_de_Concesión .
2013-06-11,solicitó,10998,informara,,1981,79,2109,Por lo que hace a el primer requisito señalado en el artículo 27 de la LFT  que señala que el concesionario debe encontrar se a el corriente en el cumplimiento de las obligaciones establecidas en las leyes aplicables y demás disposiciones  así_como de el título de concesión que se pretende prorrogar  la Unidad_de_Servicios a la Industria  a_través_de la Dirección_General_de_Redes  Espectro_Y_Servicios “ A ”  de la extinta Comisión  mediante oficio CFT de fecha 11_de_junio_de_2013  solicitó a la entonces Unidad_de_Supervisión_y_Verificación informara si dicho concesionario se encontraba en cumplimiento de las obligaciones y condiciones relacionadas con su título de concesión y demás ordenamientos aplicables .
2014-11-18,solicitó,11231,,,,79,2609,Por otra parte  la Unidad_de_Concesiones_Y_Servicios  a_través_de la Dirección_General_de_Concesiones_de_Telecomunicaciones  mediante oficio IFT de fecha 18_de_noviembre_de_2014  solicitó a la Dirección_General_de_Concentraciones_Y_Concesiones_de_la_Unidad_de_Competencia_Económica  opinión respecto_de diversas solicitudes de prórroga entre las que se encontraba la que nos ocupa en la presente Resolución .
2014-02-07,solicitó,1427,opinión,,11222,129,216,El 7_de_febrero_de_2014  de conformidad con lo dispuesto en el Decreto_de_Reforma_Constitucional  mediante oficio IFT  el Instituto solicitó a la Secretaría la opinión técnica correspondiente a la Solicitud_de_Prórroga  en términos de lo establecido por el artículo 28 párrafo décimo séptimo de la Constitución_Política_de_los_Estados_Unidos_Mexicanos ( la “ Constitución ” ) .
2014-02-04,solicitó,9746,informara,,1981,129,2212,Por lo que hace a el primer requisito señalado en el artículo 27 de la LFT  que señala que el concesionario debe encontrar se a el corriente en el cumplimiento de las obligaciones establecidas en las leyes aplicables y demás disposiciones  así_como de el título de concesión que se pretende prorrogar  la entonces Unidad_de_Servicios a la Industria_de_el_Instituto  a_través_de la Dirección_General_de_Licitaciones_de_Espectro_Radioeléctrico_Y_Servicios  mediante oficio IFT de fecha 4_de_febrero_de_2014  solicitó a la entonces Unidad_de_Supervisión_y_Verificación informara si dicha concesionaria se encontraba en cumplimiento de las obligaciones y condiciones relacionadas con su título de concesión y demás ordenamientos aplicables .
2014-11-18,solicitó,11231,,,1980,129,2702,Por otra parte  la Unidad_de_Concesiones_Y_Servicios  a_través_de la Dirección_General_de_Concesiones_de_Telecomunicaciones  mediante oficio IFT de fecha 18_de_noviembre_de_2014  solicitó a la Dirección_General_de_Concentraciones_Y_Concesiones_de_la_Unidad_de_Competencia_Económica  opinión respecto_de la Solicitud_de_Prórroga .
2014-02-07,solicitó,2086,opinión,,11222,129,3043,Tampoco se identifican elementos que permitan concluir que exista una alternativa a la autorización de la prórroga solicitada por Impacto_Telecomunicaciones_Sadecv que pudiera mejorar las condiciones de competencia económica en los mercados . ” ( sic ) Por_otro_lado  en relación con lo señalado en el artículo 28 párrafo décimo séptimo de la Constitución  a_través_de el oficio IFT notificado el 7_de_febrero_de_2014  el Instituto solicitó a la Secretaría opinión técnica correspondiente a la Solicitud_de_Prórroga .
2014-02-07,solicitó,1427,opinión,,11222,106,239,El 7_de_febrero_de_2014  de conformidad con lo dispuesto en el Decreto_de_Reforma_Constitucional  mediante oficio IFT  el Instituto solicitó a la Secretaría la opinión técnica correspondiente a la Solicitud_de_Prórroga  en términos de lo establecido por el artículo 28 párrafo décimo séptimo de la Constitución_Política_de_los_Estados_Unidos_Mexicanos ( la “ Constitución ” ) .
2014-01-21,solicitó,9746,informara,,1981,106,2235,Por lo que hace a el primer requisito señalado en el artículo 27 de la LFT  que señala que el concesionario debe encontrar se a el corriente en el cumplimiento de las obligaciones establecidas en las leyes aplicables y demás disposiciones  así_como de el título de concesión que se pretende prorrogar  la entonces Unidad_de_Servicios a la Industria_de_el_Instituto  a_través_de la Dirección_General_de_Licitaciones_de_Espectro_Radioeléctrico_Y_Servicios  mediante oficio IFT de fecha 21_de_enero_de_2014  solicitó a la entonces Unidad_de_Supervisión_y_Verificación informara si dicha concesionaria se encontraba en cumplimiento de las obligaciones y condiciones relacionadas con su título de concesión y demás ordenamientos aplicables .
2014-11-18,solicitó,11231,,,1980,106,2726,Por otra parte  la Unidad_de_Concesiones_Y_Servicios  a_través_de la Dirección_General_de_Concesiones_de_Telecomunicaciones  mediante oficio IFT de fecha 18_de_noviembre_de_2014  solicitó a la Dirección_General_de_Concentraciones_Y_Concesiones_de_la_Unidad_de_Competencia_Económica  opinión respecto_de la Solicitud_de_Prórroga .
2014-02-07,solicitó,2086,opinión,,11222,106,3089,En conclusión  con base en la información disponible  no se identifican elementos que permitan concluir que la autorización de la prórroga solicitada pudiera tener efectos contrarios en el proceso de competencia y libre concurrencia en los mercados . ” Por_otro_lado  en relación con lo señalado en el artículo 28 párrafo décimo séptimo de la Constitución  a_través_de el oficio IFT notificado el 7_de_febrero_de_2014  el Instituto solicitó a la Secretaría opinión técnica correspondiente a la Solicitud_de_Prórroga .
2014-02-07,solicitó,1427,opinión,,11222,104,212,El 7_de_febrero_de_2014  de conformidad con lo dispuesto en el Decreto_de_Reforma_Constitucional  mediante oficio IFT  el Instituto solicitó a la Secretaría la opinión técnica correspondiente a la Solicitud_de_Prórroga  en términos de lo establecido por el artículo 28 párrafo décimo séptimo de la Constitución_Política_de_los_Estados_Unidos_Mexicanos ( la “ Constitución ” ) .
2014-02-04,solicitó,9746,informara,,1981,104,2203,Por lo que hace a el primer requisito señalado en el artículo 27 de la LFT  que señala que el concesionario debe encontrar se a el corriente en el cumplimiento de las obligaciones establecidas en las leyes aplicables y demás disposiciones  así_como de el título de concesión que se pretende prorrogar  la entonces Unidad_de_Servicios a la Industria_de_el_Instituto  a_través_de la Dirección_General_de_Licitaciones_de_Espectro_Radioeléctrico_Y_Servicios  mediante oficio IFT de fecha 4_de_febrero_de_2014  solicitó a la entonces Unidad_de_Supervisión_y_Verificación informara si dicho concesionario se encontraba en cumplimiento de las obligaciones y condiciones relacionadas con su título de concesión y demás ordenamientos aplicables .
2014-11-18,solicitó,11231,,,1980,104,2697,Por otra parte  la Unidad_de_Concesiones_Y_Servicios  a_través_de la Dirección_General_de_Concesiones_de_Telecomunicaciones  mediante oficio IFT de fecha 18_de_noviembre_de_2014  solicitó a la Dirección_General_de_Concentraciones_Y_Concesiones_de_la_Unidad_de_Competencia_Económica  opinión respecto_de la Solicitud_de_Prórroga .
2014-02-07,solicitó,2086,opinión,,11222,104,3040,Tampoco se identifican elementos que permitan concluir que exista una alternativa a la autorización de la prórroga correspondiente a el C._Leonardo_Julián_López_Sainz_Puga que pudiera mejorar las condiciones de competencia económica en los mercados . ” Por_otro_lado  en relación con lo señalado en el artículo 28 párrafo décimo séptimo de la Constitución  a_través_de el oficio IFT notificado el 7_de_febrero_de_2014  el Instituto solicitó a la Secretaría opinión técnica correspondiente a la Solicitud_de_Prórroga .
2014-10-08,solicitó,2086,opinión,,11170,96,258,El 8_de_octubre_de_2014  el Instituto a_través_de la Unidad_de_Concesiones_Y_Servicios  solicitó a la Secretaría_de_Comunicaciones_Y_Transportes ( la “ Secretaría ” ) la opinión técnica correspondiente a la Solicitud_de_Concesión  mediante oficio IFT  de conformidad con lo establecido en el artículo 28 párrafo décimo séptimo de la Constitución_Política_de_los_Estados_Unidos_Mexicanos ( la “ Constitución ” ) .
2015-06-03,solicitó,11231,,,1709,96,1367,Por otra parte  la Unidad_de_Concesiones_Y_Servicios  a_través_de la Dirección_General_de_Concesiones_de_Telecomunicaciones  mediante oficio IFT de fecha 3_de_junio_de_2015  solicitó a la Dirección_General_de_Concentraciones_Y_Concesiones_de_la_Unidad_de_Competencia_Económica  opinión respecto_de la Solicitud_de_Concesión .
2014-10-08,solicitó,11188,opinión,,11222,96,1750,En conclusión  con base en la información disponible  no se prevé que  en_caso_de que se otorgue autorización para que el C._Barrios obtenga una concesión única  se generen efectos contrarios en el proceso de competencia y libre concurrencia . ” Finalmente  en relación con lo señalado en el párrafo décimo séptimo de el artículo 28 de la Constitución  a_través_de el oficio IFT notificado el 8_de_octubre_de_2014  el Instituto  a_través_de la Unidad_de_Concesiones_Y_Servicios  solicitó a la Secretaría la opinión técnica correspondiente a la Solicitud_de_Concesión .
2015-10-09,solicitó,6913,autorización,,,77,557,Con fecha 9_de_octubre_de_2015  TV_de_Calpulalpan_Sadecv solicitó  a_través_de su representante legal  autorización para transitar la Concesión  a el régimen de Concesión_Única_para_Uso_Comercial ( la “ Solicitud_de_Transición ” ) .
2015-10-19,solicitó,11231,adscrita,,1515,77,2217,Por lo que hace a el tercer requisito señalado en el artículo 27 de los Lineamientos que señala que para que proceda la solicitud para transitar a la Concesión_Única_para_Uso_Comercial  el solicitante deberá encontrar se en cumplimiento de las obligaciones establecidas en su título de concesión y las obligaciones derivadas de la legislación aplicable  la Unidad_de_Concesiones_Y_Servicios  a_través_de la Dirección_General_de_Concesiones_de_Telecomunicaciones  mediante oficio IFT de fecha 19_de_octubre_de_2015  solicitó a la Dirección_General_de_Supervisión adscrita a la Unidad_de_Cumplimiento informara si dicha concesionaria se encontraba en cumplimiento de las obligaciones y condiciones relacionadas con su título de concesión y demás ordenamientos aplicables .
2014-02-07,solicitó,1427,opinión,,11222,124,212,El 7_de_febrero_de_2014  de conformidad con lo dispuesto en el Decreto_de_Reforma_Constitucional  mediante oficio IFT  el Instituto solicitó a la Secretaría la opinión técnica correspondiente a la Solicitud_de_Prórroga  en términos de lo establecido por el artículo 28 párrafo décimo séptimo de la Constitución_Política_de_los_Estados_Unidos_Mexicanos ( la “ Constitución ” ) .
2014-02-04,solicitó,9746,informara,,1981,124,2203,Por lo que hace a el primer requisito señalado en el artículo 27 de la LFT  que señala que el concesionario debe encontrar se a el corriente en el cumplimiento de las obligaciones establecidas en las leyes aplicables y demás disposiciones  así_como de el título de concesión que se pretende prorrogar  la entonces Unidad_de_Servicios a la Industria_de_el_Instituto  a_través_de la Dirección_General_de_Licitaciones_de_Espectro_Radioeléctrico_Y_Servicios  mediante oficio IFT de fecha 4_de_febrero_de_2014  solicitó a la entonces Unidad_de_Supervisión_y_Verificación informara si dicho concesionario se encontraba en cumplimiento de las obligaciones y condiciones relacionadas con su título de concesión y demás ordenamientos aplicables .
2014-11-18,solicitó,11231,,,1980,124,2693,Por otra parte  la Unidad_de_Concesiones_Y_Servicios  a_través_de la Dirección_General_de_Concesiones_de_Telecomunicaciones  mediante oficio IFT de fecha 18_de_noviembre_de_2014  solicitó a la Dirección_General_de_Concentraciones_Y_Concesiones_de_la_Unidad_de_Competencia_Económica  opinión respecto_de la Solicitud_de_Prórroga .
2014-02-07,solicitó,2086,opinión,,11222,124,3014,Tampoco se identifican elementos que permitan concluir que exista una alternativa a la autorización de la prórroga solicitada por el C._Óscar_Reyes_Rosas que pudiera mejorar las condiciones de competencia económica en los mercados . ” Por_otro_lado  en relación con lo señalado en el artículo 28 párrafo décimo séptimo de la Constitución  a_través_de el oficio IFT notificado el 7_de_febrero_de_2014  el Instituto solicitó a la Secretaría opinión técnica correspondiente a la Solicitud_de_Prórroga .
2015-12-18,solicitó,9128,autorización,,,85,338,Con fecha 18_de_diciembre_de_2015  Sistema_de_Cable_Hkan_Sadecv solicitó  a_través_de su representante legal  autorización para transitar la Concesión a el régimen de Concesión_Única_para_Uso_Comercial ( la “ Solicitud_Transición ” ) .
2016-02-12,solicitó,11231,informara,,1502,85,1995,Por lo que hace a el tercer requisito contemplado en el artículo 27 de los Lineamientos que señala que para que proceda la solicitud para transitar a la Concesión_Única_para_Uso_Comercial  el solicitante deberá encontrar se en cumplimiento de las obligaciones establecidas en su título de concesión y las obligaciones derivadas de la legislación aplicable  la Unidad_de_Concesiones_Y_Servicios a_través_de la Dirección_General_de_Concesiones_de_Telecomunicaciones  mediante oficios IFT e IFT de fechas 7_de_enero y 12_de_febrero_de_2016  solicitó a la Unidad_de_Cumplimiento informara si dicha concesionaria se encontraba en cumplimiento de las obligaciones y condiciones relacionadas con su título de concesión y demás ordenamientos aplicables .
2014-02-07,solicitó,1427,opinión,,11222,116,292,El 7_de_febrero_de_2014  de conformidad con lo dispuesto en el Decreto_de_Reforma_Constitucional  mediante oficio IFT  el Instituto solicitó a la Secretaría la opinión técnica correspondiente a la Solicitud_de_Prórroga  en términos de lo establecido por el artículo 28 párrafo décimo séptimo de la Constitución_Política_de_los_Estados_Unidos_Mexicanos ( la “ Constitución ” ) .
2014-01-13,solicitó,10997,informara,,1981,116,2317,Por lo que hace a el primer requisito señalado en el artículo 27 de la LFT  que señala que el concesionario debe encontrar se a el corriente en el cumplimiento de las obligaciones establecidas en las leyes aplicables y demás disposiciones  así_como de el título de concesión que se pretende prorrogar  la Dirección_General_de_Licitaciones_de_Espectro_Radioeléctrico_Y_Servicios  adscrita a la entonces Unidad_de_Servicios a la Industria  mediante oficio IFT de fecha 13_de_enero_de_2014  solicitó a la entonces Unidad_de_Supervisión_y_Verificación informara si dicha concesionaria se encontraba en cumplimiento de las obligaciones y condiciones relacionadas con su título de concesión y demás ordenamientos aplicables .
2014-11-18,solicitó,11231,,,1980,116,2799,Por otra parte  la Unidad_de_Concesiones_Y_Servicios  a_través_de la Dirección_General_de_Concesiones_de_Telecomunicaciones  mediante oficio IFT de fecha 18_de_noviembre_de_2014  solicitó a la Dirección_General_de_Concentraciones_Y_Concesiones_de_la_Unidad_de_Competencia_Económica  opinión respecto_de la Solicitud_de_Prórroga .
2014-02-07,solicitó,2086,opinión,,11222,116,3230,Asimismo  teniendo_en_cuenta que en las localidades involucradas sólo existe la red cableada de los solicitantes 1 a 18  de otorgar se las Prórrogas_Solicitadas  se prevén beneficios provenientes de la continuidad en la provisión de el servicio de TV restringida contemplado en los títulos de concesión y de la existencia de una opción adicional a los operadores satelitales para quienes deseen contratar el servicio . ” ( sic ) Por_otro_lado  en relación con lo señalado en el artículo 28 párrafo décimo séptimo de la Constitución  a_través_de el oficio IFT notificado el 7_de_febrero_de_2014  el Instituto solicitó a la Secretaría opinión técnica correspondiente a la Solicitud_de_Prórroga .
2014-04-21,solicitó,2719,otorgamiento,,2086,120,127,Con fecha 21_de_abril_de_2014  la empresa Cable_Sistema_de_el_Centro_Sadecv ( “ Cable_Sistema ” )  a_través_de su representante legal  presentó ante el Instituto un escrito por_medio_de el cual solicitó el otorgamiento de un título de concesión para instalar  operar y explotar una red pública de telecomunicaciones con cobertura en Jantetelco  Chalcatzingo_y_Amayuca  Municipio_de_Jantetelco ; Amilcingo  Huazulco  Temoac_y_Popotlán ( Barrio_Santo_Tomás )  en el Municipio_de_Temoac ; Zacualpan_de_Amilpas_y_Tlacotepec  en el Municipio_de_Zacualpan  pertenecientes a el Estado_de_Morelos  para prestar el servicio de televisión restringida por cable ( la “ Solicitud_de_Concesión ” ) .
2014-08-15,solicitó,2086,opinión,,11170,120,268,Mediante oficio IFT notificado el 15_de_agosto_de_2014  el Instituto solicitó a la Secretaría_de_Comunicaciones_Y_Transportes ( la “ Secretaría ” ) la opinión técnica correspondiente a la Solicitud_de_Concesión  de conformidad con lo establecido en el artículo 28 párrafo décimo séptimo de la Constitución_Política_de_los_Estados_Unidos_Mexicanos ( la “ Constitución ” ) .
2015-06-03,solicitó,11231,,,1709,120,2049,Por otra parte  la Unidad_de_Concesiones_Y_Servicios  a_través_de la Dirección_General_de_Concesiones_de_Telecomunicaciones  mediante oficio IFT de fecha 3_de_junio_de_2015  solicitó a la Dirección_General_de_Concentraciones_Y_Concesiones_de_la_Unidad_de_Competencia_Económica  opinión respecto_de la Solicitud_de_Concesión .
2014-08-15,solicitó,2086,opinión,,11222,120,2419,En conclusión  con base en la información disponible  no se prevé que  en_caso_de que se otorgue autorización para que Cable_Sistema obtenga una concesión  se generen efectos contrarios en el proceso de competencia y libre concurrencia . ” Finalmente  en relación con lo señalado en el párrafo décimo séptimo de el artículo 28 de la Constitución  a_través_de el oficio IFT notificado el 15_de_agosto_de_2014  el Instituto solicitó a la Secretaría opinión técnica correspondiente a la Solicitud_de_Concesión .
2014-02-07,solicitó,1427,opinión,,11222,133,301,El 7_de_febrero_de_2014  de conformidad con lo dispuesto en el Decreto_de_Reforma_Constitucional  mediante oficio IFT  el Instituto solicitó a la Secretaría la opinión técnica correspondiente a la Solicitud_de_Prórroga  en términos de lo establecido por el artículo 28 párrafo décimo séptimo de la Constitución_Política_de_los_Estados_Unidos_Mexicanos ( la “ Constitución ” ) .
2014-01-13,solicitó,10997,informara,,1981,133,2399,Por lo que hace a el primer requisito señalado en el artículo 27 de la LFT  que señala que el concesionario debe encontrar se a el corriente en el cumplimiento de las obligaciones establecidas en las leyes aplicables y demás disposiciones  así_como de el título de concesión que se pretende prorrogar  la Dirección_General_de_Licitaciones_de_Espectro_Radioeléctrico_Y_Servicios  adscrita a la entonces Unidad_de_Servicios a la Industria  mediante oficio IFT de fecha 13_de_enero_de_2014  solicitó a la entonces Unidad_de_Supervisión_y_Verificación informara si dicha concesionaria se encontraba en cumplimiento de las obligaciones y condiciones relacionadas con su título de concesión y demás ordenamientos aplicables .
2014-11-18,solicitó,11231,,,1980,133,2890,Por otra parte  la Unidad_de_Concesiones_Y_Servicios  a_través_de la Dirección_General_de_Concesiones_de_Telecomunicaciones  mediante oficio IFT de fecha 18_de_noviembre_de_2014  solicitó a la Dirección_General_de_Concentraciones_Y_Concesiones_de_la_Unidad_de_Competencia_Económica  opinión respecto_de la Solicitud_de_Prórroga .
2014-02-07,solicitó,2086,opinión,,11222,133,3289,Tampoco se identifican elementos que permitan concluir que existe una alternativa a la autorización de las prórrogas correspondientes a la C._Sara_Quiroz_Chapa que pudiera mejorar las condiciones de competencia económica en los mercados . ” ( sic ) Por_otro_lado  en relación con lo señalado en el artículo 28 párrafo décimo séptimo de la Constitución  a_través_de el oficio IFT notificado el 7_de_febrero_de_2014  el Instituto solicitó a la Secretaría opinión técnica correspondiente a la Solicitud_de_Prórroga .
2015-09-29,solicitó,2086,otorgamiento,,2086,134,267,Con fecha 29_de_septiembre_de_2015  Nueva_Red_Internet_de_México_Srldecv ( “ Nueva_Red ” )  presentó ante el Instituto  a_través_de su representante legal  el formato IFT-Concesión_Única mediante el cual solicitó el otorgamiento de una concesión única para uso comercial  para prestar el servicio de transmisión de datos bidireccionales ( internet ) y telefonía fija en la modalidad IP  con un proyecto inicial de cobertura en los Municipios_de_Guadalajara  Zapopan  El_Salto  Tlaquepaque  Tlajomulco_de_Zúñiga  Magdalena  Puerto_Vallarta  San_Sebastián_de_el_Oeste  Tequila_y_San_Ignacio_Cerro_Gordo  todos en el Estado_de_Jalisco  utilizando espectro libre en la banda de 5 GHz . ( la “ Solicitud_de_Concesión ” ) .
2015-11-04,solicitó,2086,opinión,,11170,134,359,Mediante oficio IFT notificado el 4_de_noviembre_de_2015  el Instituto solicitó a la Secretaría_de_Comunicaciones_Y_Transportes ( la “ Secretaría ” ) la opinión técnica correspondiente a la Solicitud_de_Concesión  de conformidad con lo establecido en el artículo 28 párrafo décimo séptimo de la Constitución_Política_de_los_Estados_Unidos_Mexicanos ( la “ Constitución ” ) .
2015-10-28,solicitó,11231,,,1709,134,1932,Por otra parte  la Unidad_de_Concesiones_Y_Servicios a_través_de la Dirección_General_de_Concesiones_de_Telecomunicaciones  mediante oficio IFT de fecha 28_de_octubre_de_2015  solicitó a la Dirección_General_de_Concentraciones_Y_Concesiones_de_la_Unidad_de_Competencia_Económica  opinión respecto_de la Solicitud_de_Concesión .
2015-11-04,solicitó,2086,opinión,,11222,134,2122,[ … ] . ” Finalmente  en relación con lo señalado en el párrafo décimo séptimo de el artículo 28 de la Constitución  a_través_de el oficio IFT notificado el 4_de_noviembre_de_2015  el Instituto solicitó a la Secretaría opinión técnica correspondiente a la Solicitud_de_Concesión .
2015-07-17,solicitó,2086,opinión,,11170,131,295,Mediante oficio IFT notificado el 17_de_julio_de_2015  el Instituto solicitó a la Secretaría_de_Comunicaciones_Y_Transportes ( la “ Secretaría ” ) la opinión técnica correspondiente a la Solicitud_de_Concesión  de conformidad con lo establecido en el artículo 28 párrafo décimo séptimo de la Constitución_Política_de_los_Estados_Unidos_Mexicanos ( la “ Constitución ” ) .
2015-09-24,solicitó,11231,,,1709,131,1584,Por otra parte  la Unidad_de_Concesiones_Y_Servicios a_través_de la Dirección_General_de_Concesiones_de_Telecomunicaciones  mediante oficio IFT de fecha 24_de_septiembre_de_2015  solicitó a la Dirección_General_de_Concentraciones_Y_Concesiones_de_la_Unidad_de_Competencia_Económica  opinión respecto_de la Solicitud_de_Concesión .
2015-07-17,solicitó,2086,opinión,,11222,131,1945,( … ) ” Finalmente  en relación con lo señalado en el párrafo décimo séptimo de el artículo 28 de la Constitución  a_través_de el oficio IFT notificado el 17_de_julio_de_2015  el Instituto solicitó a la Secretaría la opinión técnica correspondiente a la Solicitud_de_Concesión .
2013-06-11,solicitó,10998,informara,,1981,114,2109,Por lo que hace a el primer requisito señalado en el artículo 27 de la LFT  que señala que el concesionario debe encontrar se a el corriente en el cumplimiento de las obligaciones establecidas en las leyes aplicables y demás disposiciones  así_como de el título de concesión que se pretende prorrogar  la Unidad_de_Servicios a la Industria  a_través_de la Dirección_General_de_Redes  Espectro_Y_Servicios “ A ”  de la extinta Comisión  mediante oficio CFT de fecha 11_de_junio_de_2013  solicitó a la entonces Unidad_de_Supervisión_y_Verificación informara si dicho concesionario se encontraba en cumplimiento de las obligaciones y condiciones relacionadas con su título de concesión y demás ordenamientos aplicables .
2014-11-18,solicitó,11231,,,,114,2609,Por otra parte  la Unidad_de_Concesiones_Y_Servicios  a_través_de la Dirección_General_de_Concesiones_de_Telecomunicaciones  mediante oficio IFT de fecha 18_de_noviembre_de_2014  solicitó a la Dirección_General_de_Concentraciones_Y_Concesiones_de_la_Unidad_de_Competencia_Económica  opinión respecto_de diversas solicitudes de prórroga entre las que se encontraba la que nos ocupa en la presente Resolución .
2013-11-14,solicitó,1427,opinión,,11222,126,244,El 14_de_noviembre_de_2013  de conformidad con lo dispuesto en el Decreto_de_Reforma_Constitucional  mediante oficio IFT  el Instituto solicitó a la Secretaría la opinión técnica correspondiente a la Solicitud_de_Prórroga  en términos de lo establecido por el artículo 28 párrafo décimo séptimo de la Constitución_Política_de_los_Estados_Unidos_Mexicanos ( la “ Constitución ” ) .
2014-02-07,solicitó,10997,informara,,1981,126,2271,Por lo que hace a el primer requisito señalado en el artículo 27 de la LFT  que señala que el concesionario debe encontrar se a el corriente en el cumplimiento de las obligaciones establecidas en las leyes aplicables y demás disposiciones  así_como de el título de concesión que se pretende prorrogar  la Dirección_General_de_Licitaciones_de_Espectro_Radioeléctrico_Y_Servicios  adscrita a la entonces Unidad_de_Servicios a la Industria  mediante oficio IFT de fecha 7_de_febrero_de_2014  solicitó a la entonces Unidad_de_Supervisión_y_Verificación informara si dicha concesionaria se encontraba en cumplimiento de las obligaciones y condiciones relacionadas con su título de concesión y demás ordenamientos aplicables .
2014-11-18,solicitó,11231,,,1980,126,2763,Por otra parte  la Unidad_de_Concesiones_Y_Servicios  a_través_de la Dirección_General_de_Concesiones_de_Telecomunicaciones  mediante oficio IFT de fecha 18_de_noviembre_de_2014  solicitó a la Dirección_General_de_Concentraciones_Y_Concesiones_de_la_Unidad_de_Competencia_Económica  opinión respecto_de la Solicitud_de_Prórroga .
2013-11-14,solicitó,2086,opinión,,11222,126,3194,Asimismo  teniendo_en_cuenta que en las localidades involucradas sólo existe la red cableada de los solicitantes 1 a 18  de otorgar se las Prórrogas_Solicitadas  se prevén beneficios provenientes de la continuidad en la provisión de el servicio de TV restringida contemplado en los títulos de concesión y de la existencia de una opción adicional a los operadores satelitales para quienes deseen contratar el servicio . ” ( sic ) Por_otro_lado  en relación con lo señalado en el artículo 28 párrafo décimo séptimo de la Constitución  a_través_de el oficio IFT notificado el 14_de_noviembre_de_2013  el Instituto solicitó a la Secretaría opinión técnica correspondiente a la Solicitud_de_Prórroga .
2015-03-19,solicitó,2086,opinión,,11170,98,259,Mediante oficio IFT notificado el 19_de_marzo_de_2015  el Instituto solicitó a la Secretaría_de_Comunicaciones_Y_Transportes ( la “ Secretaría ” ) la opinión técnica correspondiente a la Solicitud_de_Concesión  de conformidad con lo establecido en el artículo 28 párrafo décimo séptimo de la Constitución_Política_de_los_Estados_Unidos_Mexicanos ( la “ Constitución ” ) .
2015-06-23,solicitó,11231,manifieste,,8653,98,348,Con fecha 23_de_junio_de_2015  la Unidad_de_Concesiones_Y_Servicios a_través_de la Dirección_General_de_Concesiones_de_Telecomunicaciones  emitió el oficio IFT mediante el cual solicitó a el C._Nicolás_Díaz_Trujillo que manifieste su interés de obtener una concesión única para uso comercial  en_virtud_de que el régimen de concesionamiento señalado en la Solicitud_de_Concesión había cambiado a_partir_de la entrada en vigor de la Ley_Federal_de_Telecomunicaciones_y_Radiodifusión ( la “ Ley ” ) .
2015-07-17,solicitó,11231,,,1709,98,1694,Por otra parte  la Unidad_de_Concesiones_Y_Servicios  a_través_de la Dirección_General_de_Concesiones_de_Telecomunicaciones  mediante oficio IFT de fecha 17_de_julio_de_2015  solicitó a la Dirección_General_de_Concentraciones_Y_Concesiones_de_la_Unidad_de_Competencia_Económica  opinión respecto_de la Solicitud_de_Concesión .
2015-03-19,solicitó,2086,opinión,,11222,98,2082,Por lo anterior  con base en la información disponible  no se prevé que la autorización  por parte de el Instituto  de la Solicitud presentada por el C._Díaz genere efectos contrarios en el proceso de competencia y libre concurrencia . ” ( sic ) Finalmente  en relación con lo señalado en el párrafo décimo séptimo de el artículo 28 de la Constitución  a_través_de el oficio IFT notificado el 19_de_marzo_de_2015  el Instituto solicitó a la Secretaría opinión técnica correspondiente a la Solicitud_de_Concesión .
2014-03-12,solicitó,1427,opinión,,11222,107,380,El 12_de_marzo_de_2014  de conformidad con lo dispuesto en el Decreto_de_Reforma_Constitucional  mediante oficio IFT  el Instituto solicitó a la Secretaría la opinión técnica correspondiente a la Solicitud_de_Prórroga  en términos de lo establecido por el artículo 28 párrafo décimo séptimo de la Constitución_Política_de_los_Estados_Unidos_Mexicanos ( la “ Constitución ” ) .
2013-11-13,solicitó,10997,informara,,1981,107,2374,Por lo que hace a el primer requisito señalado en el artículo 27 de la LFT  que señala que el concesionario debe encontrar se a el corriente en el cumplimiento de las obligaciones establecidas en las leyes aplicables y demás disposiciones  así_como de el título de concesión que se pretende prorrogar  la Dirección_General_de_Licitaciones_de_Espectro_Radioeléctrico_Y_Servicios de la entonces Unidad_de_Servicios a la Industria  mediante oficio IFT de fecha 13_de_noviembre_de_2013  solicitó a la entonces Unidad_de_Supervisión_y_Verificación informara si dicho concesionario se encontraba en cumplimiento de las obligaciones y condiciones relacionadas con su título de concesión y demás ordenamientos aplicables .
2014-11-18,solicitó,11231,,,1980,107,2863,Por otra parte  la Unidad_de_Concesiones_Y_Servicios  a_través_de la Dirección_General_de_Concesiones_de_Telecomunicaciones  mediante oficio IFT de fecha 18_de_noviembre_de_2014  solicitó a la Dirección_General_de_Concentraciones_Y_Concesiones_de_la_Unidad_de_Competencia_Económica  opinión respecto_de la Solicitud_de_Prórroga .
2014-03-07,solicitó,2086,opinión,,11222,107,3212,Tampoco se identifican elementos que permitan concluir que exista una alternativa a la autorización de la prórroga solicitada por el C._Jesús_Nataren_Ovando que pudiera mejorar las condiciones de competencia económica en los mercados . ” Por_otro_lado  en relación con lo señalado en el artículo 28 párrafo décimo séptimo de la Constitución  a_través_de el oficio IFT notificado el 7_de_marzo_de_2014  el Instituto solicitó a la Secretaría opinión técnica correspondiente a la Solicitud_de_Prórroga .
2014-07-23,solicitó,1616,ratificara,,2624,107,3406,Asimismo  con oficio IFT de fecha 23_de_julio_de_2014  dicha Dirección_General solicitó a la Unidad_de_Supervisión_General_de_Verificación que ratificara lo informado a_través_de el oficio IFT  tomando en cuenta la recomendación de la Secretaría .
2015-09-23,solicitó,8961,autorización,,2086,94,428,El 23_de_septiembre_de_2015  el representante legal de la empresa Econo_Cable_Sadecv presentó ante el Instituto escrito mediante el cual solicitó autorización para llevar_a_cabo la cesión parcial de los derechos y obligaciones de la Concesión a_favor_de la empresa Unet_Telecomunicaciones_Sadecv  únicamente por lo que respecta a las localidades de Monclova  Municipio_de_Monclova ; Frontera  Municipio_de_Frontera ; Castaños  Municipio_de_Castaños ; San_Buenaventura  Municipio_de_San_Buenaventura ; Cuatro Ciénegas_de_Carranza  Municipio de Cuatro Ciénegas ; Ciudad_Melchor_Múzquiz  Municipio_de_Múzquiz ; San_Juan_de_Sabinas  Municipio_de_San_Juan_de_Sabinas ; Piedras_Negras  Municipio_de_Piedras_Negras ; Nava  Municipio_de_Nava ; Allende  Municipio_de_Allende ; Morelos  Municipio_de_Morelos ; Zaragoza  Municipio_de_Zaragoza ; Ramos_Arizpe  Municipio_de_Ramos_Arizpe ; Arteaga  Municipio_de_Arteaga  y Parras_de_La_Fuente  Municipio_de_Parras  en el Estado_de_Coahuila ( la “ Solicitud_de_Cesión_Parcial_de_Derechos ” ) .
2015-11-18,solicitó,2086,opinión,,11222,94,717,Mediante oficio IFT notificado el 18_de_noviembre_de_2015  el Instituto solicitó a la Secretaría la opinión técnica correspondiente a la Solicitud_de_Cesión_Parcial_de_Derechos  de conformidad con lo establecido en artículo 28 párrafo décimo séptimo de la Constitución_Política_de_los_Estados_Unidos_Mexicanos ( la “ Constitución ” ) .
2015-11-18,solicitó,2086,opinión,,11222,94,2894,Ahora_bien  en relación con el sexto requisito de procedencia  mediante oficio IFT notificado el 18_de_noviembre_de_2015  el Instituto solicitó a la Secretaría la opinión técnica correspondiente a la Solicitud_de_Cesión_Parcial_de_Derechos  de conformidad con lo establecido en el artículo 28 párrafo décimo séptimo de la Constitución .
2015-07-03,solicitó,2086,opinión,,11170,135,298,Mediante oficio IFT notificado el 3_de_julio_de_2015  el Instituto solicitó a la Secretaría_de_Comunicaciones_Y_Transportes ( la “ Secretaría ” ) la opinión técnica correspondiente a la Solicitud_de_Concesión  de conformidad con lo establecido en el artículo 28 párrafo décimo séptimo de la Constitución_Política_de_los_Estados_Unidos_Mexicanos ( la “ Constitución ” ) .
2015-08-27,solicitó,11231,,,9050,135,395,Con fecha 27_de_agosto_de_2015  la Unidad_de_Concesiones_Y_Servicios a_través_de la Dirección_General_de_Concesiones_de_Telecomunicaciones  emitió el oficio IFT mediante el cual solicitó a Konecta_de_México_Srldecv  que  en_virtud_de que en las características generales de el proyecto contemplaba el uso de bandas de frecuencias de el espectro radioeléctrico de uso libre mediante las cuales proporcionaría los servicios de telecomunicaciones descritos en la Solicitud  indicara explícitamente el segmento de las mismas que pretendía utilizar .
2015-09-24,solicitó,11231,,,1709,135,1720,Por otra parte  la Unidad_de_Concesiones_Y_Servicios a_través_de la Dirección_General_de_Concesiones_de_Telecomunicaciones  mediante oficio IFT de fecha 24_de_septiembre_de_2015  solicitó a la Dirección_General_de_Concentraciones_Y_Concesiones_de_la_Unidad_de_Competencia_Económica  opinión respecto_de la Solicitud_de_Concesión .
2015-07-03,solicitó,2086,opinión,,11222,135,2047,( … ) ” ( sic ) Finalmente  en relación con lo señalado en el párrafo décimo séptimo de el artículo 28 de la Constitución  a_través_de el oficio IFT notificado el 3_de_julio_de_2015  el Instituto solicitó a la Secretaría la opinión técnica correspondiente a la Solicitud_de_Concesión .
2015-12-18,solicitó,9128,autorización,,,73,338,Con fecha 18_de_diciembre_de_2015  Sistema_de_Cable_Hkan_Sadecv solicitó  a_través_de su representante legal  autorización para transitar la Concesión a el régimen de Concesión_Única_para_Uso_Comercial ( la “ Solicitud_Transición ” ) .
2016-02-12,solicitó,11231,informara,,1502,73,1995,Por lo que hace a el tercer requisito contemplado en el artículo 27 de los Lineamientos que señala que para que proceda la solicitud para transitar a la Concesión_Única_para_Uso_Comercial  el solicitante deberá encontrar se en cumplimiento de las obligaciones establecidas en su título de concesión y las obligaciones derivadas de la legislación aplicable  la Unidad_de_Concesiones_Y_Servicios a_través_de la Dirección_General_de_Concesiones_de_Telecomunicaciones  mediante oficios IFT e IFT de fechas 7_de_enero y 12_de_febrero_de_2016  solicitó a la Unidad_de_Cumplimiento informara si dicha concesionaria se encontraba en cumplimiento de las obligaciones y condiciones relacionadas con su título de concesión y demás ordenamientos aplicables .
2013-12-02,solicitó,9311,otorgara,,,91,972,X. - Respuesta a el Requerimiento . - El 2_de_diciembre_del_2013  a_través_de el escrito registrado con el número de folio de entrada 010098  presentado ante este Instituto  José_Pérez_Ramírez  en su carácter de solicitante de una concesión para instalar  operar y explotar comercialmente la frecuencia 98.9 MHz  con distintivo de llamada XHDGM-FM y población principal a servir Playa_de_el_Carmen dio respuesta a el requerimiento que le fuera formulado y solicitó se le otorgara la concesión .
2016-03-28,solicitó,9250,pidiera,,9251,91,2004,XXI . - Solicitud de ampliación de plazo para efectuar cumplimiento a la Ejecutoria . - Mediante oficio número IFT de fecha 28_de_marzo_de_2016  el Director_General_de_Concesiones_de_Radiodifusión solicitó a el Director_General_de_Defensa_Jurídica ambos de el Instituto_Federal_de_Telecomunicaciones  que pidiera a el Juzgado_Segundo una ampliación de plazo para el cumplimiento de la sentencia  en_atención_a lo anterior mediante auto de fecha 31_de_marzo_de_2016 fue acordada la prórroga solicitada .
2015-09-23,solicitó,9414,autorización,,,92,290,El 23_de_septiembre_de_2015  el C._Cuauhtémoc_Unda_Argüelles presentó en el Instituto escrito mediante el cual solicitó autorización para llevar_a_cabo la cesión de los derechos y obligaciones de la Concesión a_favor_de el C._Moisés_Carpio_Alarcón ( la “ Solicitud_de_Cesión_de_Derechos ” ) .
2015-11-20,solicitó,2086,opinión,,11222,92,541,Mediante oficio IFT notificado el 20_de_noviembre_de_2015  el Instituto solicitó a la Secretaría la opinión técnica correspondiente a la Solicitud_de_Cesión_de_Derechos  de conformidad con lo establecido en artículo 28 párrafo décimo séptimo de la Constitución_Política_de_los_Estados_Unidos_Mexicanos ( la “ Constitución ” ) .
2015-11-20,solicitó,2086,opinión,,11222,92,2612,Ahora_bien  en relación con el sexto requisito de procedencia  mediante oficio IFT notificado el 20_de_noviembre_de_2015  el Instituto solicitó a la Secretaría la opinión técnica correspondiente a la Solicitud_de_Cesión_de_Derechos  de conformidad con lo establecido en el artículo 28 párrafo décimo séptimo de la Constitución .
2015-10-23,solicitó,9506,autorización,,2086,119,336,El 23_de_octubre_de_2015  la representante legal de el C._Víctor_Joaquín_Rodríguez_Trujillo presentó escrito ante el Instituto mediante el cual solicitó autorización para llevar_a_cabo la cesión de los derechos y obligaciones de la Concesión a_favor_de la empresa Ciber_Cable_Sadecv ( la “ Solicitud_de_Cesión_de_Derechos ” ) .
2015-11-04,solicitó,2086,opinión,,11222,119,374,El 4_de_noviembre_de_2015  mediante oficio IFT el Instituto a_través_de la Unidad_de_Concesiones_Y_Servicios solicitó a la Secretaría la opinión técnica correspondiente a la Solicitud_de_Cesión_de_Derechos  de conformidad con lo establecido en artículo 28 párrafo décimo séptimo de la Constitución_Política_de_los_Estados_Unidos_Mexicanos ( la “ Constitución ” ) .
2015-11-04,solicitó,2086,opinión,,11222,119,2548,Ahora_bien  en relación con el sexto requisito de procedencia  mediante oficio IFT notificado el 4_de_noviembre_de_2015  el Instituto solicitó a la Secretaría la opinión técnica correspondiente a la Solicitud_de_Cesión_de_Derechos  de conformidad con lo establecido en el artículo 28 párrafo décimo séptimo de la Constitución .
2015-12-07,solicitó,9603,autorización,,2086,118,400,El 7_de_diciembre_de_2015  el representante legal de Digicable_Sadecv presentó escrito ante el Instituto mediante el cual solicitó autorización para llevar_a_cabo la cesión de los derechos y obligaciones de la Concesión a_favor_de la empresa Smart_Cable_Sadecv ( la “ Solicitud_de_Cesión_de_Derechos ” ) .
2015-12-11,solicitó,2086,opinión,,11222,118,440,El 11_de_diciembre_de_2015  mediante oficio IFT el Instituto  a_través_de la Unidad_de_Concesiones_Y_Servicios  solicitó a la Secretaría la opinión técnica correspondiente a la Solicitud_de_Cesión_de_Derechos  de conformidad con lo establecido en artículo 28 párrafo décimo séptimo de la Constitución_Política_de_los_Estados_Unidos_Mexicanos ( la “ Constitución ” ) .
2015-12-11,solicitó,2086,opinión,,11222,118,3087,Ahora_bien  en relación con el sexto requisito de procedencia  mediante oficio IFT notificado el 11_de_diciembre_de_2015  el Instituto solicitó a la Secretaría la opinión técnica correspondiente a la Solicitud_de_Cesión_de_Derechos  de conformidad con lo establecido en el artículo 28 párrafo décimo séptimo de la Constitución .
2014-02-07,solicitó,1427,opinión,,11222,128,576,El 7_de_febrero_de_2014  de conformidad con lo dispuesto en el Decreto_de_Reforma_Constitucional  mediante oficio IFT  el Instituto solicitó a la Secretaría la opinión técnica correspondiente a la Solicitud_de_Prórroga  en términos de lo establecido por el artículo 28 párrafo décimo séptimo de la Constitución_Política_de_los_Estados_Unidos_Mexicanos ( la “ Constitución ” ) .
2014-02-04,solicitó,9746,informara,,1981,128,2569,Por lo que hace a el primer requisito señalado en el artículo 27 de la LFT  que señala que el concesionario debe encontrar se a el corriente en el cumplimiento de las obligaciones establecidas en las leyes aplicables y demás disposiciones  así_como de el título de concesión que se pretende prorrogar  la entonces Unidad_de_Servicios a la Industria_de_el_Instituto  a_través_de la Dirección_General_de_Licitaciones_de_Espectro_Radioeléctrico_Y_Servicios  mediante oficio IFT de fecha 4_de_febrero_de_2014  solicitó a la entonces Unidad_de_Supervisión_y_Verificación informara si dicha concesionaria se encontraba en cumplimiento de las obligaciones y condiciones relacionadas con su título de concesión y demás ordenamientos aplicables .
2014-02-07,solicitó,2086,opinión,,11222,128,2617,Por_otro_lado  en relación con lo señalado en el artículo 28 párrafo décimo séptimo de la Constitución  a_través_de el oficio IFT notificado el 7_de_febrero_de_2014  el Instituto solicitó a la Secretaría opinión técnica correspondiente a la Solicitud_de_Prórroga .
2014-03-07,solicitó,9760,visita,,1992,128,3004,[ … ] No_obstante lo anterior  le informo que mediante oficio IFT de fecha 23_de_junio_de_2015  se solicitó a la Dirección_General_de_Verificación  una visita de inspección - verificación derivada de el oficio 1.-55 de fecha 7_de_marzo_de_2014  en el que la Secretaría_de_Comunicaciones_Y_Transportes emitió la opinión técnica y recomendó a este Instituto verificar si dicha concesionaria efectivamente desplegó su red pública de telecomunicaciones y si cuenta con usuarios  toda vez que en la base de datos de la extinta Comisión_Federal_de_Telecomunicaciones no se observó reporte alguno .
2014-11-18,solicitó,11231,,,1980,128,3486,Por otra parte  la Unidad_de_Concesiones_Y_Servicios  a_través_de la Dirección_General_de_Concesiones_de_Telecomunicaciones  mediante oficio IFT de fecha 18_de_noviembre_de_2014  solicitó a la Dirección_General_de_Concentraciones_Y_Concesiones_de_la_Unidad_de_Competencia_Económica  opinión respecto_de la Solicitud_de_Prórroga .
2008-03-07,solicitó,9927,refrendo,,,113,182,El 13_de_diciembre_de_2006  de conformidad con los artículos 13 de la Ley_Federal_de_Telecomunicaciones ( en adelante “ LFT ” )  16 y 21 de la Ley_Federal_de_Radio_y_Televisión ( en los sucesivo  la “ LFRTV  la Comisión_Federal_de_Telecomunicaciones ( en_lo_sucesivo  la “ COFETEL ” )  otorgó a_favor_de Roberto_Casimiro_González_Treviño ( en_lo_sucesivo el “ Concesionario ” )  el refrendo de la Concesión para operar y explotar el canal 7 ( 174-180 MHz )  a_través_de la estación de televisión con distintivo de llamada XHRCG-TV  en Saltillo  Coahuila  con vigencia de 20 ( veinte ) años  contados a_partir_de el día_3_de_julio_de_1989 y vencimiento el 2_de_julio_de_2009 ( en_lo_sucesivo  la “ Concesión ” ) . II . - Solicitud_de_Refrendo . Mediante oficio presentado el 2_de_abril_de_2008 ante la entonces COFETEL  el Subdirector_de_Comunicaciones_de_el_Centro_SCT “ Coahuila ” remite el escrito de fecha 7_de_marzo_de_2008  mediante el cual el Concesionario solicitó el refrendo de la Concesión ( en la sucesivo  la “ Solicitud ” ) . III . - Decreto_de_Reforma_Constitucional . Con fecha 11_de_junio_de_2013 se publicó en el Diario_Oficial_de_la_Federación ( en_lo_sucesivo  el “ DOF ” ) el “ Decreto por el que se reforman y adicionan diversas disposiciones de los artículos 6o .  7o .  27  28  73  78  94 y 105 de la Constitución_Política_de_los_Estados_Unidos_Mexicanos  en_materia_de telecomunicaciones ” ( en_lo_sucesivo  el “ Decreto_de_Reforma_Constitucional ” )  mediante el cual se creó el Instituto_Federal_de_Telecomunicaciones ( en_lo_sucesivo  el “ Instituto ” ) .
2015-02-25,solicitó,10652,emisión,,1502,113,606,Con oficio IFT de el 25_de_febrero_de_2015  la Unidad_de_Concesiones_Y_Servicios ( en_lo_sucesivo  la “ UCS ” )  de conformidad con lo establecido en los artículos 32 y 34 fracción II_de_el_Estatuto_Orgánico  solicitó a la Unidad_de_Cumplimiento ( en_lo_sucesivo  la “ UC ” ) la emisión de el dictamen sobre el cumplimiento de las obligaciones de la Concesión .
2015-02-27,solicitó,1602,establecidas,,9967,113,722,Con oficio IFT de el 27_de_febrero_de_2015  la Dirección_General_de_Concesiones_de_Radiodifusión_de_la_UCS  solicitó a la Dirección_General_de_el_Economía_de_el_Espectro_y_Recursos_Orbitales_de_la_Unidad_de_Espectro_Radioeléctrico ( en_lo_sucesivo  la “ UER ” )  que en ejercicio de sus facultades establecidas en el artículo 29 fracción VII_de_el_Estatuto_Orgánico  realizara la propuesta de el monto de la contraprestación con motivo de la solicitud de prórroga de vigencia de la Concesión de uso comercial para usar  aprovechar y explotar bandas de frecuencias de el espectro radioeléctrico para la prestación de servicio de televisión .
2008-04-02,solicitó,10135,otorgamiento,,,113,3320,El Concesionario  mediante escrito presentado el 2_de_abril_de_2008  solicitó el otorgamiento de el refrendo de la Concesión para usar el canal 7 ( banda de frecuencia 174-180 MHz ) a_través_de la estación de televisión con distintivo de llamada XHRCG-TV  en Saltillo  Coahuila  en tal virtud  se procede conforme_a lo establecido en la Ley en los siguientes términos : Cumplimiento de obligaciones .
[??:??/9/2015:??.??:??],solicitó,2086,otorgamiento,,2086,127,270,Con fecha 1 ° de septiembre_de_2015  Altata_Telecomunicaciones_de_México_Sapidecv ( “ ALTATA ” )  presentó ante el Instituto  a_través_de su representante legal  el formato IFT-Concesión_Única mediante el cual solicitó el otorgamiento de una concesión única para uso comercial  a_fin_de implementar inicialmente una red inalámbrica a_través_de un sistema de transmisión de datos por microondas  enlaces punto a punto y punto multipunto para prestar el servicio de acceso a internet  utilizando espectro libre en la banda de 5 GHz  con cobertura en la ciudad de San_Miguel_de_Allende  en el estado de Guanajuato . ( la “ Solicitud_de_Concesión ” ) .
2015-09-23,solicitó,2086,opinión,,11170,127,355,Mediante oficio IFT notificado el 23_de_septiembre_de_2015  el Instituto solicitó a la Secretaría_de_Comunicaciones_Y_Transportes ( la “ Secretaría ” ) la opinión técnica correspondiente a la Solicitud_de_Concesión  de conformidad con lo establecido en el artículo 28 párrafo décimo séptimo de la Constitución_Política_de_los_Estados_Unidos_Mexicanos ( la “ Constitución ” ) .
2015-09-14,solicitó,11231,,,1709,127,1946,Por otra parte  la Unidad_de_Concesiones_Y_Servicios a_través_de la Dirección_General_de_Concesiones_de_Telecomunicaciones  mediante oficio IFT de fecha 14_de_septiembre_de_2015  solicitó a la Dirección_General_de_Concentraciones_Y_Concesiones_de_la_Unidad_de_Competencia_Económica  opinión respecto_de la Solicitud_de_Concesión .
2015-09-23,solicitó,2086,opinión,,11222,127,2094,[ … ] . ” Finalmente  en relación con lo señalado en el párrafo décimo séptimo de el artículo 28 de la Constitución  a_través_de el oficio IFT notificado el 23_de_septiembre_de_2015  el Instituto solicitó a la Secretaría opinión técnica correspondiente a la Solicitud_de_Concesión .
2015-01-13,solicitó,10545,otorgamiento,,2086,81,217,Con fecha 13_de_enero_de_2015  la empresa Hermovisión_Srldecv ( “ Hermovisión ” )  a_través_de su representante legal  presentó ante el Instituto un escrito por_medio_de el cual solicitó el otorgamiento de una concesión para instalar  operar y explotar una red pública de telecomunicaciones con cobertura en Tezontepec_de_Aldama  Municipio_de_Tezontepec_de_Aldama  y Zacualtipán  Municipio_de_Zacualtipán_de_Ángeles  en el Estado_de_Hidalgo ; y Huayacocotla  Municipio_de_Huayacocotla  en el Estado_de_Veracruz  para prestar el servicio de televisión restringida por cable ( la “ Solicitud_de_Concesión ” ) Solicitud_de_Opinión_Técnica .
2015-01-30,solicitó,2086,opinión,,11170,81,285,El 30_de_enero_de_2015  el Instituto a_través_de la Unidad_de_Concesiones_Y_Servicios  solicitó a la Secretaría_de_Comunicaciones_Y_Transportes ( la “ Secretaría ” ) la opinión técnica correspondiente a la Solicitud_de_Concesión  mediante oficio IFT  de conformidad con lo establecido en el artículo 28 párrafo décimo séptimo de la Constitución_Política_de_los_Estados_Unidos_Mexicanos ( la “ Constitución ” ) .
2015-06-18,solicitó,11231,manifieste,,10545,81,412,Con fecha 18_de_junio_de_2015  la Unidad_de_Concesiones_Y_Servicios a_través_de la Dirección_General_de_Concesiones_de_Telecomunicaciones  notificó el oficio IFT mediante el cual solicitó a Hermovisión que manifieste su interés de obtener una concesión única para uso comercial  en_virtud_de que el régimen de concesionamiento señalado en la Solicitud_de_Concesión había cambiado a_partir_de la entrada en vigor de la Ley_Federal_de_Telecomunicaciones_y_Radiodifusión ( la “ Ley ” ) .
2015-07-17,solicitó,11231,,,1709,81,1795,Por otra parte  la Unidad_de_Concesiones_Y_Servicios  a_través_de la Dirección_General_de_Concesiones_de_Telecomunicaciones  mediante oficio IFT de fecha 17_de_julio_de_2015  solicitó a la Dirección_General_de_Concentraciones_Y_Concesiones_de_la_Unidad_de_Competencia_Económica  opinión respecto_de la Solicitud_de_Concesión .
2015-01-30,solicitó,11188,opinión,,11222,81,2164,En conclusión  con base en la información disponible  no se prevé que  en_caso_de que se otorgue autorización para que Hermovisión obtenga una concesión única se generen efectos contrarios en el proceso de competencia y libre concurrencia . ” ( sic ) Finalmente  en relación con lo señalado en el párrafo décimo séptimo de el artículo 28 de la Constitución  a_través_de el oficio IFT notificado el 30_de_enero_de_2015  el Instituto  a_través_de la Unidad_de_Concesiones_Y_Servicios  solicitó a la Secretaría la opinión técnica correspondiente a la Solicitud_de_Concesión .
2015-04-23,solicitó,2026,autorización,,,82,419,Solicitud_de_Multiprogramación . - Con oficio UTEG de fecha 23_de_abril_de_2015  presentado ante el Instituto el 30 de el mismo mes y año  el C._Rafael_Alberto_Díaz  en su carácter de representante legal de el Gobierno_de_Guanajuato  solicitó autorización para acceder a la Multiprogramación  a_efecto_de estar en aptitud de realizar bajo esta modalidad la transmisión de la señal de el Gobierno_de_Guanajuato ( en_lo_sucesivo la “ Solicitud_de_Multiprogramación ” ) .
2015-06-09,solicitó,11231,opinión,,10615,82,482,Solicitud_de_Opinión a la Unidad_de_Medios_y_Contenidos_Audiovisuales . - Mediante oficio IFT notificado el 9_de_junio_de_2015  el titular de la Unidad_de_Concesiones_Y_Servicios ( en_lo_sucesivo la “ UCS ” )  solicitó a la Unidad_de_Medios_y_Contenidos_Audiovisuales_de_el_Instituto ( en_lo_sucesivo la “ UMCA ” )  la opinión correspondiente a la Solicitud_de_Multiprogramación  de conformidad con lo establecido por los artículos 20 fracción XIV  32  34 fracción XI  37 y 39 fracción I_de_el_Estatuto_Orgánico .
2015-06-09,solicitó,10652,opinión,,10620,82,560,Solicitud_de_Opinión a la Unidad_de_Competencia_Económica . - Mediante oficio IFT notificado el 9_de_junio_de_2015  el titular de la UCS  para los efectos de lo señalado por los artículos 4 y 24 de los Lineamientos  solicitó a la Unidad_de_Competencia_Económica_de_el_Instituto ( en_lo_sucesivo la “ UCE ” )  la opinión correspondiente a la Solicitud_de_Multiprogramación  conforme_a lo dispuesto por los artículos 20 fracción XIV  32  34 fracción XI  46 y 48 fracciones I y VI_de_el_Estatuto_Orgánico .
2015-06-22,solicitó,10725,requerir,,10652,82,623,Requerimiento de información de la UMCA . - Mediante oficio IFT notificado el 22_de_junio_de_2015  la UMCA por una parte solicitó a la UCS requerir a el Gobierno_de_Guanajuato  para que éste señalara la periodicidad de cada componente de la barra programática semanal presentada ; y por la otra indicó que la barra programática presentada constituye un contenido nuevo en el área de servicio de mérito  favoreciendo con ellos la diversidad y pluralidad .
2015-07-17,solicitó,2086,opinión,,11170,102,295,Mediante oficio IFT notificado el 17_de_julio_de_2015  el Instituto solicitó a la Secretaría_de_Comunicaciones_Y_Transportes ( la “ Secretaría ” ) la opinión técnica correspondiente a la Solicitud_de_Concesión  de conformidad con lo establecido en el artículo 28 párrafo décimo séptimo de la Constitución_Política_de_los_Estados_Unidos_Mexicanos ( la “ Constitución ” ) .
2015-09-24,solicitó,11231,,,1709,102,1584,Por otra parte  la Unidad_de_Concesiones_Y_Servicios a_través_de la Dirección_General_de_Concesiones_de_Telecomunicaciones  mediante oficio IFT de fecha 24_de_septiembre_de_2015  solicitó a la Dirección_General_de_Concentraciones_Y_Concesiones_de_la_Unidad_de_Competencia_Económica  opinión respecto_de la Solicitud_de_Concesión .
2015-07-17,solicitó,2086,opinión,,11222,102,1945,( … ) ” Finalmente  en relación con lo señalado en el párrafo décimo séptimo de el artículo 28 de la Constitución  a_través_de el oficio IFT notificado el 17_de_julio_de_2015  el Instituto solicitó a la Secretaría la opinión técnica correspondiente a la Solicitud_de_Concesión .
2012-05-17,solicitó,10998,informara,,1981,121,2122,Por lo que hace a el primer requisito señalado en el artículo 27 de la LFT  que señala que el concesionario debe encontrar se a el corriente en el cumplimiento de las obligaciones establecidas en las leyes aplicables y demás disposiciones  así_como de el título de concesión que se pretende prorrogar  la entonces Dirección_General_de_Redes  Espectro_Y_Servicios “ A ”  adscrita a la Unidad_de_Servicios a la Industria de la extinta Comisión  mediante oficio CFT de fecha 17_de_mayo_de_2012  solicitó a la entonces Unidad_de_Supervisión_y_Verificación informara si dicho concesionario se encontraba en cumplimiento de las obligaciones y condiciones relacionadas con su título de concesión y demás ordenamientos aplicables .
2014-11-18,solicitó,11231,,,1980,121,2615,Por otra parte  la Unidad_de_Concesiones_Y_Servicios  a_través_de la Dirección_General_de_Concesiones_de_Telecomunicaciones  mediante oficio IFT de fecha 18_de_noviembre_de_2014  solicitó a la Dirección_General_de_Concentraciones_Y_Concesiones_de_la_Unidad_de_Competencia_Económica  opinión respecto_de la Solicitud_de_Prórroga .
2014-12-19,solicitó,2086,opinión,,11170,101,250,Mediante oficio IFT notificado el 19_de_diciembre_de_2014  el Instituto solicitó a la Secretaría_de_Comunicaciones_Y_Transportes ( la “ Secretaría ” ) la opinión técnica correspondiente a la Solicitud_de_Concesión  de conformidad con lo establecido en el artículo 28 párrafo décimo séptimo de la Constitución_Política_de_los_Estados_Unidos_Mexicanos ( la “ Constitución ” ) .
2015-08-11,solicitó,11231,manifieste,,11157,101,341,Con fecha 11_de_agosto_de_2015  la Unidad_de_Concesiones_Y_Servicios a_través_de la Dirección_General_de_Concesiones_de_Telecomunicaciones  emitió el oficio IFT mediante el cual solicitó a Visión_de_el_Sureste_Sadecv  entre otras cosas  que manifieste su interés en obtener una concesión única para uso comercial  en_virtud_de que el régimen de concesionamiento señalado en la Solicitud_de_Concesión había cambiado a_partir_de la entrada en vigor de la Ley_Federal_de_Telecomunicaciones_y_Radiodifusión ( la “ Ley ” ) .
2015-07-17,solicitó,11231,,,1709,101,1681,Por otra parte  la Unidad_de_Concesiones_Y_Servicios a_través_de la Dirección_General_de_Concesiones_de_Telecomunicaciones  mediante oficio IFT de fecha 17_de_julio_de_2015  solicitó a la Dirección_General_de_Concentraciones_Y_Concesiones_de_la_Unidad_de_Competencia_Económica  opinión respecto_de la Solicitud_de_Concesión .
2015-12-19,solicitó,2086,opinión,,11222,101,2039,En conclusión  con base en la información disponible  no se prevé que  en_caso_de que se otorgue autorización para que Visión_de_el_Sureste obtenga una concesión única se generen efectos contrarios en el proceso de competencia y libre concurrencia . ” Finalmente  en relación con lo señalado en el párrafo décimo séptimo de el artículo 28 de la Constitución  a_través_de el oficio IFT notificado el 19_de_diciembre_de_2015  el Instituto solicitó a la Secretaría opinión técnica correspondiente a la Solicitud_de_Concesión .
2015-10-12,solicitó,11237,autorización,,,71,467,Con fecha 12_de_octubre_de_2015  Cable_Sur_Sadecv solicitó  a_través_de su representante legal  autorización para transitar la Concesión a el régimen de Concesión_Única_para_Uso_Comercial ( la “ Solicitud_Transición ” ) .
2015-10-19,solicitó,11231,adscrita,,1515,71,2120,Por lo que hace a el tercer requisito contemplado en el artículo 27 de los Lineamientos que señala que para que proceda la solicitud para transitar a la Concesión_Única_para_Uso_Comercial  el solicitante deberá encontrar se en cumplimiento de las obligaciones establecidas en su título de concesión y las obligaciones derivadas de la legislación aplicable  la Unidad_de_Concesiones_Y_Servicios a_través_de la Dirección_General_de_Concesiones_de_Telecomunicaciones  mediante oficio IFT de fecha 19_de_octubre_de_2015  solicitó a la Dirección_General_de_Supervisión adscrita a la Unidad_de_Cumplimiento informara si dicha concesionaria se encontraba en cumplimiento de las obligaciones y condiciones relacionadas con su título de concesión y demás ordenamientos aplicables .
