2014-03-06,emitió,2086,Resolución mediante la cual el Pleno_de_el_Instituto_Federal_de_Telecomunicaciones determina a el grupo de interés económico de el que forman_parte(...),,,88,305,Mediante Acuerdo P de fecha 6_de_marzo_de_2014  el Instituto emitió la “ Resolución mediante la cual el Pleno_de_el_Instituto_Federal_de_Telecomunicaciones determina a el grupo de interés económico de el que forman_parte Grupo_Televisa_S.A.B.  Canales_de_Televisión_Populares_Sadecv  Radio_Televisión_Sadecv  Radiotelevisora_de_México_Norte_Sadecv  T.V._de_los_Mochis_Sadecv  Teleimagen_de_el_Noroeste_Sadecv  Televimex_Sadecv  Televisión_de_Puebla_Sadecv  Televisora_de_Mexicali_Sadecv  Televisora_de_Navojoa  S.A.  Televisora_de_Occidente_Sadecv  Televisora_Peninsular_Sadecv  Mario_Enrique_Mayans_Concha  Televisión_La_Paz  S.A.  Televisión_de_la_Frontera  S.A.  Pedro_Luis_Fitzmaurice_Meneses  Telemisión_Sadecv  Comunicación_de_el_Sureste_Sadecv  José_de_Jesús_Partida_Villanueva  Hilda_Graciela_Rivera_Flores  Roberto_Casimiro_González_Treviño  Tv Diez Durango_Sadecv  Televisora_de_Durango_Sadecv  Corporación_Tapatía_de_Televisión_Sadecv  Televisión_de_Michoacán_Sadecv  José_Humberto_y_Loucille  Martínez_Morales  Canal 13 de Michoacán_Sadecv  Televisora_XHBO_Sadecv  Tv Ocho Sadecv  Televisora_Potosina_Sadecv  TV_de_Culiacán_Sadecv  Televisión_de_el_Pacífico_Sadecv  Tele-emisoras_de_el_Sureste_Sadecv  Televisión_de_Tabasco  S.A. y Ramona_Esparza_González  como agente económico preponderante en el sector de radiodifusión y le impone las medidas necesarias para evitar que se afecte la competencia y la libre concurrencia ”  misma que le es aplicable a Roberto_Casimiro_González_Treviño .
2015-10-27,emitió,9975,opinión,,,88,887,Con oficio IFT de el 27_de_octubre_de_2015  la Dirección_General_de_Concentraciones_Y_Concesiones_de_la_UCE emitió opinión en_materia_de competencia económica respecto_a la solicitud de refrendo de la Concesión  estableciendo en la parte final de la opinión que :  … con la información disponible  en_caso_de que se otorgue autorización para que Canal_RCG continúe proveyendo el servicio de TV_Abierta_Comercial  se advierte que existen medidas enfocadas a contrarrestar posibles efectos contrarios en el proceso de competencia y libre concurrencia en la provisión de servicios de TV_Abierta_Comercial en la localidad de Saltillo  Coahuila  cuyo impacto  en términos de competencia  será evaluado cada 2 ( dos ) años y  en su caso  se podrá ordenar la separación estructural  funcional  o la desincorporación de activos de el AEPR ” . XII . - Opinión en_Materia_de Cumplimiento_de_Obligaciones . Con oficio IFT  de el 29_de_octubre_de_2015  la Dirección_General_de_Supervisión_de_la_UC emitió el dictamen como resultado de la revisión documental de el cumplimiento de obligaciones practicado a el expediente de el Concesionario  en el que se determinó que se encuentra en cumplimiento de las obligaciones derivadas de el título de Concesión . En_virtud_de los Antecedentes referidos y  CONSIDERANDO_Primero . - Competencia_de_el_Instituto . De conformidad con el artículo 28 párrafo décimo quinto de la Constitución_Política_de_los_Estados_Unidos_Mexicanos ( en_lo_sucesivo  la “ Constitución ” )  el Instituto es un órgano autónomo con personalidad jurídica y patrimonio propio  que tiene por objeto el desarrollo eficiente de la radiodifusión y las telecomunicaciones  conforme_a lo dispuesto en la propia Constitución y en los términos que fijen las leyes .
2015-10-29,emitió,1501,dictamen,,,88,1025,Con oficio IFT de el 27_de_octubre_de_2015  la Dirección_General_de_Concentraciones_Y_Concesiones_de_la_UCE emitió opinión en_materia_de competencia económica respecto_a la solicitud de refrendo de la Concesión  estableciendo en la parte final de la opinión que :  … con la información disponible  en_caso_de que se otorgue autorización para que Canal_RCG continúe proveyendo el servicio de TV_Abierta_Comercial  se advierte que existen medidas enfocadas a contrarrestar posibles efectos contrarios en el proceso de competencia y libre concurrencia en la provisión de servicios de TV_Abierta_Comercial en la localidad de Saltillo  Coahuila  cuyo impacto  en términos de competencia  será evaluado cada 2 ( dos ) años y  en su caso  se podrá ordenar la separación estructural  funcional  o la desincorporación de activos de el AEPR ” . XII . - Opinión en_Materia_de Cumplimiento_de_Obligaciones . Con oficio IFT  de el 29_de_octubre_de_2015  la Dirección_General_de_Supervisión_de_la_UC emitió el dictamen como resultado de la revisión documental de el cumplimiento de obligaciones practicado a el expediente de el Concesionario  en el que se determinó que se encuentra en cumplimiento de las obligaciones derivadas de el título de Concesión . En_virtud_de los Antecedentes referidos y  CONSIDERANDO_Primero . - Competencia_de_el_Instituto . De conformidad con el artículo 28 párrafo décimo quinto de la Constitución_Política_de_los_Estados_Unidos_Mexicanos ( en_lo_sucesivo  la “ Constitución ” )  el Instituto es un órgano autónomo con personalidad jurídica y patrimonio propio  que tiene por objeto el desarrollo eficiente de la radiodifusión y las telecomunicaciones  conforme_a lo dispuesto en la propia Constitución y en los términos que fijen las leyes .
2015-10-29,emitió,,dictamen,,,88,3386,Mediante oficio número IFT de el 29_de_octubre_de_2015  emitió el dictamen como resultado de la revisión documental de el cumplimiento de obligaciones practicado a el expediente de el Concesionario  en el que se determinó que se encuentra en cumplimiento de las obligaciones derivadas de el título de concesión .
2015-06-12,emitió,11231,oficio,,,108,361,Con fecha 12_de_junio_de_2015  la Unidad_de_Concesiones_Y_Servicios a_través_de la Dirección_General_de_Concesiones_de_Telecomunicaciones  emitió el oficio IFT mediante el cual solicitó a Promotora_Mercantil que manifieste su interés de obtener una concesión única para uso comercial  en_virtud_de que el régimen de concesionamiento señalado en la Solicitud_de_Concesión había cambiado a_partir_de la entrada en vigor de la Ley_Federal_de_Telecomunicaciones_y_Radiodifusión ( la “ Ley ” ) .
2015-11-13,emitió,11102,III .(...),,,108,1769,En respuesta a lo anterior  mediante oficio IFT de fecha 13_de_noviembre_de_2015  la Dirección_General_de_Concentraciones_Y_Concesiones emitió opinión respecto_de la Solicitud_de_Concesión que nos ocupa  en el siguiente sentido : “ III .
2014-12-19,emitió,11190,opinión,,,108,2306,A el respecto  mediante oficio 2.1.-1593 de fecha 19_de_diciembre_de_2014  emitido por la Dirección_General_de_Política_de_Telecomunicaciones y de Radiodifusión adscrita a la Secretaría  se notificó a este Instituto el oficio 1.-468 mediante el cual la Secretaría emitió la opinión técnica en sentido favorable .
2016-03-28,emitió,11102,opinión,,,111,421,Mediante oficio IFT de fecha 28_de_marzo_de_2016  la Dirección_General_de_Concentraciones_Y_Concesiones de este Instituto emitió la opinión en_materia_de competencia económica respecto_de la Solicitud_de_Concesión en sentido favorable .
2016-03-28,emitió,11102,Opinión en_materia_de competencia económica En_caso_de otorgar(...),,,111,1505,En respuesta a lo anterior  mediante oficio IFT de fecha 28_de_marzo_de_2016  la Dirección_General_de_Concentraciones_Y_Concesiones emitió opinión respecto_de la Solicitud_de_Concesión que nos ocupa  manifestando lo siguiente : “ Opinión en_materia_de competencia económica En_caso_de otorgar se  la concesión única solicitada por el C._Grajales_Palacios le permitirá prestar servicios públicos de telecomunicaciones o radiodifusión con cobertura nacional .
2014-11-07,emitió,11222,opinión,,,111,1795,A el respecto  mediante oficio 2.1.-1369 emitido por la Dirección_General_de_Política_de_Telecomunicaciones y de Radiodifusión adscrita a la Secretaría  notificó el oficio 1.-295 recibido en este Instituto el 7_de_noviembre_de_2014  mediante el cual la Secretaría emitió la opinión técnica en sentido favorable .
2015-11-27,emitió,1444,oficio,,,112,379,Con fecha 27_de_noviembre_de_2015  la Unidad_de_Competencia_Económica  a_través_de la Dirección_General_de_Concentraciones_Y_Concesiones  emitió el oficio IFT  mediante el cual remite la opinión respecto_de la Solicitud_de_Concesión .
2015-11-27,emitió,11102,Opinión en_materia_de competencia económica En_caso_de(...),,,112,1983,En respuesta a lo anterior  mediante oficio IFT de fecha 27_de_noviembre_de_2015  la Dirección_General_de_Concentraciones_Y_Concesiones emitió opinión respecto_de la Solicitud_de_Concesión que nos ocupa  en el siguiente sentido : “ Opinión en_materia_de competencia económica En_caso_de otorgar se  la concesión única solicitada por Lumenet_Comunicaciones le permitirá prestar servicios públicos de telecomunicaciones o radiodifusión con cobertura nacional .
2015-10-20,emitió,2086,opinión,,,112,2371,A el respecto mediante oficio 2.1.203.-1358 emitido por la Dirección_General_de_Política_de_Telecomunicaciones y de Radiodifusión adscrita a la Secretaría  recibido en este Instituto el 20_de_octubre_de_2015  se notificó el oficio 1.-330  mediante el cual la Secretaría emitió la opinión técnica en sentido favorable .
2016-09-02,emitió,1671,listado,,,75,547,El 2_de_septiembre_de_2016  la Unidad_de_Medios_y_Contenidos_Audiovisuales ( UMCA ) emitió el listado de canales virtuales asignados y canales virtuales planificados para futuras asignaciones  cuya última actualización fue publicada en el sitio electrónico de el Instituto el 10_de_noviembre_de_2016 ; 10 .
2016-11-30,emitió,7535,opinión,,,75,704,Mediante oficio IFT de fecha 30_de_noviembre_de_2016  la CGMR emitió opinión no vinculante en relación con el Análisis_de_Impacto_Regulatorio_de_el_Anteproyecto .
2015-06-09,emitió,1502,opinión,,,90,393,El 9_de_junio_de_2015  mediante oficio IFT la Unidad_de_Cumplimiento  a_través_de la Dirección_General_de_Supervisión  emitió la opinión correspondiente a la Solicitud_de_Prórroga .
2015-06-16,emitió,1444,oficio,,,90,423,Con fecha 16_de_junio_de_2015  la Unidad_de_Competencia_Económica a_través_de la Dirección_General_de_Concentraciones_Y_Concesiones  emitió el oficio IFT  mediante el cual remite la opinión correspondiente con_respecto_a la Solicitud_de_Prórroga .
2015-06-16,emitió,11102,El Solicitante no cuenta con títulos de concesión adicionales(...),,,90,2792,En respuesta a lo anterior  mediante oficio IFT de fecha 16_de_junio_de_2015  la Dirección_General_de_Concentraciones_Y_Concesiones emitió opinión respecto_de la Solicitud_de_Prórroga  manifestado lo siguiente : “ El Solicitante no cuenta con títulos de concesión adicionales a el que se analiza para prestar el servicio de TV restringida en la localidad de Cuichapa en el Municipio_de_Moloacán  Veracruz .
2015-05-25,emitió,11222,opinión,,,90,3128,A el respecto mediante oficio 2.1.-0823 emitido por la Dirección_General_de_Política_de_Telecomunicaciones y de Radiodifusión adscrita a la Secretaría y recibido en este Instituto el 25_de_mayo_de_2015  notificó el oficio 1.-132 mediante el cual la Secretaría emitió la opinión técnica en sentido favorable .
2015-04-10,emitió,1444,oficio,,,93,326,Con fecha 10_de_abril_de_2015  la Unidad_de_Competencia_Económica  a_través_de la Dirección_General_de_Concentraciones_Y_Concesiones  emitió el oficio IFT  mediante el cual remite la opinión respecto_de la Solicitud_de_Prórroga .
2015-07-03,emitió,1502,opinión,,,93,352,El 3_de_julio_de_2015  mediante oficio IFT  la Unidad_de_Cumplimiento  a_través_de la Dirección_General_de_Supervisión  emitió la opinión correspondiente a la Solicitud_de_Prórroga .
2015-04-10,emitió,11102,opinión,,,93,2694,En respuesta a lo anterior  mediante oficio IFT de fecha 10_de_abril_de_2015  la Dirección_General_de_Concentraciones_Y_Concesiones emitió opinión conjunta respecto_de diversas solicitudes de prórroga  entre las que se encontraba la solicitud que nos ocupa y que se identifica en dicha opinión con el número 1  manifestando lo siguiente : “ Con base en la información disponible  no se identifican elementos que permitan concluir que la autorización de las Prórrogas_Solicitadas 1 a 25 pudiera tener efectos contrarios en el proceso de competencia y libre concurrencia en los mercados .
2015-07-08,emitió,1606,dictamen,,,137,740,Con oficio IFT de el 8_de_julio_de_2015  la Dirección_General_de_Supervisión_de_la_UC emitió el dictamen como resultado de la revisión documental de el cumplimiento de obligaciones practicado a el expediente de el Concesionario  en el que se determinó que se encuentra en cumplimiento total relativo a la presentación documental de las obligaciones derivadas de el título de Concesión  así_como las disposiciones legales y administrativas en_materia_de radiodifusión .
2015-07-08,emitió,1515,dictamen,,,137,2614,Mediante oficio número IFT de el 8_de_julio_de_2015  la Dirección_General_de_Supervisión adscrita a la UC  emitió el dictamen como resultado de la revisión documental de el cumplimiento de obligaciones practicado a el expediente de el Concesionario  en el que se determinó que se encuentra en cumplimiento de las obligaciones derivadas de el título de concesión .
1990-12-07,emitió,11222,modificación,,4653,78,343,El 7_de_diciembre_de_1990  la Secretaría emitió la modificación a la concesión de Telnor  para construir  instalar  mantener  operar y explotar una red pública telefónica con cobertura en todo el estado de Baja_California  de el Municipio_de_San_Luis_Rio_Colorado  así_como la ciudad de Sonoita y sus áreas aledañas  en el estado de Sonora ( en_lo_sucesivo  la  Concesión_de_Telnor  ) .
2015-03-06,emitió,1606,dictamen,,,74,774,Con oficio IFT  de el 6_de_marzo_de_2015  la Dirección_General_de_Supervisión_de_la_UC emitió el dictamen como resultado de la revisión documental de el cumplimiento de obligaciones practicado a el expediente de el Concesionario  en el que se determinó que se encuentra en cumplimiento total relativo a la presentación documental de las obligaciones derivadas de el título de Concesión  así_como las disposiciones legales y administrativas en_materia_de radiodifusión .
2015-08-11,emitió,9975,no se(...),,,74,921,Con oficio IFT de el 11_de_agosto_de_2015  la Dirección_General_de_Concentraciones_Y_Concesiones_de_la_UCE emitió opinión en_materia_de competencia económica respecto_a la solicitud de refrendo de la Concesión  estableciendo que : “ no se identifican elementos ni indicios de que en_caso_de que se otorgue la autorización de prórroga solicitada por Telesistemas_de_Coahuila  se generen efectos contrarios en el proceso de competencia y libre concurrencia en la provisión de servicios de TV_Abierta_Comercial en la localidad de Sabinas  Coahuila  ni en la provisión de otros servicios de radiodifusión o de telecomunicaciones que tenga la capacidad de prestar a_través_de el espectro radioeléctrico ( i . e . el canal de transmisión de 6 MHz ) que opera actualmente ” .
2015-05-14,emitió,1444,oficio,,,87,393,Con fecha 14_de_mayo_de_2015  la Unidad_de_Competencia_Económica  a_través_de la Dirección_General_de_Concentraciones_Y_Concesiones  emitió el oficio IFT  mediante el cual remite la opinión correspondiente respecto_de la Solicitud_de_Prórroga .
2015-06-16,emitió,1502,opinión,,,87,419,El 16_de_junio_de_2015  mediante oficio IFT  la Unidad_de_Cumplimiento  a_través_de la Dirección_General_de_Supervisión  emitió la opinión correspondiente con_respecto_a la Solicitud_de_Prórroga .
2015-05-14,emitió,11102,opinión,,,87,2712,En respuesta a lo anterior  mediante oficio IFT de fecha 14_de_mayo_de_2015  la Dirección_General_de_Concentraciones_Y_Concesiones emitió opinión conjunta respecto_de diversas solicitudes de prórroga  entre las que se encontraba la solicitud que nos ocupa y que se identifica en dicha opinión con el número 1  manifestando lo siguiente : “ De_acuerdo_con la información presentada anteriormente  el C._Javier_Moreno_López y personas relacionadas participan en la provisión de el servicio de TV restringida en la localidad de San_Pedro_Buenavista  Chiapas  sólo a_través_de el título de concesión objeto de la Solicitud_de_Prórroga 1 .
2013-12-13,emitió,11222,opinión,,,87,3075,A el respecto mediante oficio 2.1.-4384 emitido por la Dirección_General_de_Política_de_Telecomunicaciones y de Radiodifusión adscrita a la Secretaría  notificó el oficio 1.-521 recibido en este Instituto el 13_de_diciembre_de_2013  mediante el cual la Secretaría emitió la opinión técnica en sentido favorable .
2015-05-14,emitió,1444,oficio,,,132,457,Con fecha 14_de_mayo_de_2015  la Unidad_de_Competencia_Económica  a_través_de la Dirección_General_de_Concentraciones_Y_Concesiones  emitió el oficio IFT  mediante el cual remite la opinión correspondiente a la Solicitud_de_Prórroga .
2016-01-15,emitió,1502,opinión,,,132,483,El 15_de_enero_de_2016  mediante oficio IFT  la Unidad_de_Cumplimiento  a_través_de la Dirección_General_de_Supervisión  emitió la opinión correspondiente respecto_de la Solicitud_de_Prórroga .
2015-05-14,emitió,11102,opinión,,,132,2874,En respuesta a lo anterior  mediante oficio IFT de fecha 14_de_mayo_de_2015  la Dirección_General_de_Concentraciones_Y_Concesiones emitió opinión conjunta respecto_de diversas solicitudes de prórroga  entre las que se encontraba la solicitud que nos ocupa y que se identifica en dicha opinión con el número 3  manifestando lo siguiente : “ De_acuerdo_con la información presentada anteriormente  Telecable_Bacalar_Sadecv y personas relacionadas participan en la provisión de el servicio de TV restringida en la localidad de Bacalar  Quintana_Roo  sólo a_través_de el título de concesión objeto de la Solicitud_de_Prórroga 3 .
2014-03-07,emitió,11222,opinión,,,132,3233,A el respecto mediante oficio 2.1.-0222 emitido por la Dirección_General_de_Política_de_Telecomunicaciones y de Radiodifusión adscrita a la Secretaría  notificó el oficio 1.-55 recibido en este Instituto el 7_de_marzo_de_2014  mediante el cual la Secretaría emitió la opinión técnica en sentido favorable .
2015-12-18,emitió,1444,opinión,,,70,445,Mediante oficio IFT de fecha 18_de_diciembre_de_2015  la Unidad_de_Competencia_Económica  a_través_de la Dirección_General_de_Concentraciones_Y_Concesiones emitió opinión en_materia_de competencia económica con_respecto_a la Solicitud_de_Enajenación_de_Acciones .
2015-11-20,emitió,11102,Con base en la información(...),,,70,3041,En primera instancia  destaca que en el expediente administrativo consta el escrito presentado ante este Instituto el 20_de_noviembre_de_2015  mediante el cual Orgtec_Sapidecv  solicitó a_través_de su representante legal autorización para llevar_a_cabo el cambio de titularidad de la totalidad de sus acciones  propiedad de la empresa Grupo_Gentux_Sapidecv  así_como de el C._Noel_Abel_Delgado_Montañez  a_favor_de RigNet_de_México_Srldecv  y de RNSAT_Servicios_de_México_Srldecv_De esta manera  la estructura accionaria actual de Orgtec_Sapidecv  previa a la operación se encuentra integrada de la siguiente manera : ACCIONISTA_ACCIONES_PORCENTAJE_TOTAL_DE_PARTICIPACIÓN_Grupo_Gentux_Sapidecv 183909999 99.999_% Noel_Abel_Delgado_Montañez 1 0.001_% Total 183910000 100_% En seguimiento a lo anterior  de la Solicitud_de_Enajenación_de_Acciones se desprende que RigNet_de_México_Srldecv  adquiere el 99.999_% de las acciones de las que es titular Grupo_Gentux_Sapidecv  y que el C._Noel_Abel_Delgado_Montañez enajena el 0.001_% en_favor_de RNSAT_Servicios_de_México_Srldecv_En tal virtud  de autorizar se la Solicitud_de_Enajenación_de_Acciones  el cuadro accionario de Orgtec_Sapidecv  quedaría de la siguiente forma : ACCIONISTA_ACCIONES_PORCENTAJE_TOTAL_DE_PARTICIPACIÓN_RigNet_de_México_Srldecv 183909999 99.999_% RNSAT_Servicios_de_México_Srldecv 1 0.001_% Total 183910000 100_% Por otra parte  la Dirección_General_de_Concentraciones_Y_Concesiones  adscrita a la Unidad_de_Competencia_Económica  emitió opinión respecto_de la Solicitud_de_Enajenación_de_Acciones  señalando entre otras cosas  lo siguiente : “ Con base en la información disponible para este Instituto  se concluye que la enajenación de acciones de Orgtec_Sapidecv  propiedad de la empresa Grupo_Gentux_Sapidecv y de el C._Noel_Abel_Delgado_Montañez  a_favor_de RigNet_de_México_Srldecv y de RNSAT_Servicios_de_México_Srldecv  previsiblemente no tendría efectos contrarios a el proceso de competencia económica .
2015-12-04,emitió,1515,opinión,,,95,440,Mediante oficio IFT de fecha 4_de_diciembre_de_2015  la Dirección_General_de_Supervisión  adscrita a la Unidad_de_Cumplimiento emitió la opinión correspondiente con_respecto_a la Solicitud_de_Transición .
2015-05-14,emitió,1444,oficio,,,117,421,Con fecha 14_de_mayo_de_2015  la Unidad_de_Competencia_Económica  a_través_de la Dirección_General_de_Concentraciones_Y_Concesiones  emitió el oficio IFT  mediante el cual remite la opinión correspondiente respecto_de la Solicitud_de_Prórroga .
2015-12-04,emitió,1502,opinión,,,117,447,El 4_de_diciembre_de_2015  mediante oficio IFT  la Unidad_de_Cumplimiento  a_través_de la Dirección_General_de_Supervisión  emitió la opinión correspondiente con_respecto_a la Solicitud_de_Prórroga .
2015-05-14,emitió,11102,opinión,,,117,2741,En respuesta a lo anterior  mediante oficio IFT de fecha 14_de_mayo_de_2015  la Dirección_General_de_Concentraciones_Y_Concesiones emitió opinión conjunta respecto_de diversas solicitudes de prórroga  entre las que se encontraba la solicitud que nos ocupa y que se identifica en dicha opinión con el número 2  manifestando lo siguiente : “ De_acuerdo_con la información presentada anteriormente  el C._Mario_Alberto_Radilla_Hernández y personas relacionadas participan en la provisión de el servicio de TV restringida en las localidades de Naolinco  Acatlán_y_Miahuatlán sólo a_través_de el título de concesión objeto de la Solicitud_de_Prórroga 2 .
2014-04-11,emitió,11222,opinión,,,117,3115,A el respecto mediante oficio 2.1.-0339 emitido por la Dirección_General_de_Política_de_Telecomunicaciones y de Radiodifusión adscrita a la Secretaría  notificó el oficio 1.-74 recibido en este Instituto el 11_de_abril_de_2014  mediante el cual la Secretaría emitió la opinión técnica en sentido favorable .
2015-10-19,emitió,11102,III .(...),,,97,1506,En respuesta a lo anterior  mediante oficio IFT de fecha 19_de_octubre_de_2015  la Dirección_General_de_Concentraciones_Y_Concesiones emitió opinión respecto_de la Solicitud_de_Concesión que nos ocupa  en el siguiente sentido : “ III .
2014-11-06,emitió,2086,opinión,,,97,1975,A el respecto  mediante oficio 2.1.-1369 emitido por la Dirección_General_de_Política_de_Telecomunicaciones y de Radiodifusión adscrita a la Secretaría  notificó a el Instituto el 6_de_noviembre_de_2014 el oficio 1.-295 de esa misma fecha  mediante el cual la Secretaría emitió la opinión técnica en sentido favorable .
2015-10-15,emitió,11102,Opinión en_materia_de competencia económica En_caso_de(...),,,138,1713,En respuesta a lo anterior  mediante oficio IFT de fecha 15_de_octubre_de_2015  la Dirección_General_de_Concentraciones_Y_Concesiones emitió opinión respecto_de la Solicitud_de_Concesión que nos ocupa  en el siguiente sentido : “ Opinión en_materia_de competencia económica En_caso_de otorgar se  la concesión única solicitada por Promoción_y_Asesoría_Integral_de_Telecomunicaciones  S.C. le permitirá prestar servicios públicos de telecomunicaciones o radiodifusión con cobertura nacional .
2015-05-25,emitió,11190,opinión,,,138,2050,A el respecto  mediante oficio 2.1.-0823 de fecha 25_de_mayo_de_2015  emitido por la Dirección_General_de_Política_de_Telecomunicaciones y de Radiodifusión adscrita a la Secretaría  se notificó a este Instituto el oficio 1.-134 mediante el cual la Secretaría emitió la opinión técnica en sentido favorable .
2015-10-21,emitió,11102,opinión,,,76,419,Mediante oficio IFT de fecha 21_de_octubre_de_2015  la Dirección_General_de_Concentraciones_Y_Concesiones  adscrita a la Unidad_de_Competencia_Económica emitió opinión respecto_a la Solicitud_de_Concesión .
2015-10-21,emitió,11102,Opinión en_materia_de competencia económica “ [(...),,,76,1894,En respuesta a lo anterior  mediante oficio IFT de fecha 21_de_octubre_de_2015  la Dirección_General_de_Concentraciones_Y_Concesiones emitió opinión respecto_de la Solicitud_de_Concesión que nos ocupa  manifestando lo siguiente : “ Opinión en_materia_de competencia económica “ [ … ] Así  en_caso_de que se otorgue a NGNHOLDING una concesión única para uso comercial  dicha sociedad sería un nuevo competidor en la provisión de servicios en los sectores de telecomunicaciones y radiodifusión en México  en particular  en el servicio de transmisión de datos .
2015-10-20,emitió,2086,opinión,,,76,2073,A el respecto mediante oficio 2.1.203.-1358 emitido por la Dirección_General_de_Política_de_Telecomunicaciones y de Radiodifusión adscrita a la Secretaría  recibido en este Instituto el 20_de_octubre_de_2015  se notificó el oficio 1.-327  mediante el cual la Secretaría emitió la opinión técnica en sentido favorable .
2014-08-19,emitió,1981,opinión,,,79,272,El 19_de_agosto_de_2014  mediante oficio IFT  la entonces Unidad_de_Supervisión_y_Verificación  a_través_de la Dirección_General_de_Supervisión  emitió la opinión correspondiente en relación con la Solicitud_de_Prórroga .
2015-12-09,emitió,1444,oficio,,,79,337,Con fecha 9_de_diciembre_de_2015  la Unidad_de_Competencia_Económica  a_través_de la Dirección_General_de_Concentraciones_Y_Concesiones  emitió el oficio IFT  mediante el cual remite la opinión correspondiente respecto_de la Solicitud_de_Prórroga .
2015-12-09,emitió,11102,"Actualmente , mediante la concesión objeto de la Solicitud(...)",,,79,2649,En respuesta a lo anterior  mediante oficio IFT de fecha 9_de_diciembre_de_2015  la Dirección_General_de_Concentraciones_Y_Concesiones emitió opinión respecto_de la Solicitud_de_Prórroga  manifestando lo siguiente : “ Actualmente  mediante la concesión objeto de la Solicitud  el C._Butrón presta el servicio de TV restringida en Tepeapulco  Municipio_de_Tepeapulco_y_Tlanalapa  Municipio_de_Tlanalapa  Hidalgo .
2014-09-10,emitió,1515,opinión,,,129,389,El 10_de_septiembre_de_2014  mediante oficio IFT  la Dirección_General_de_Supervisión  adscrita a la entonces Unidad_de_Supervisión_y_Verificación  emitió la opinión correspondiente respecto_de la Solicitud_de_Prórroga .
2015-06-05,emitió,1444,oficio,,,129,420,Con fecha 5_de_junio_de_2015  la Unidad_de_Competencia_Económica  a_través_de la Dirección_General_de_Concentraciones_Y_Concesiones  emitió el oficio IFT  mediante el cual remite la opinión correspondiente a la Solicitud_de_Prórroga .
2015-06-05,emitió,11102,"De_acuerdo_con la información presentada anteriormente , Impacto_Telecomunicaciones_Sadecv y personas(...)",,,129,2737,En respuesta a lo anterior  mediante oficio IFT de fecha 5_de_junio_de_2015  la Dirección_General_de_Concentraciones_Y_Concesiones emitió opinión respecto_de la Solicitud_de_Prórroga  manifestando lo siguiente : “ De_acuerdo_con la información presentada anteriormente  Impacto_Telecomunicaciones_Sadecv y personas relacionadas participan en la provisión de el servicio de TV restringida en las localidades de Teziutlán_y_Chignautla  Puebla  sólo a_través_de el título de concesión objeto de la Solicitud_de_Prórroga .
2014-03-07,emitió,11222,opinión,,,129,3085,A el respecto mediante oficio 2.1.-0222 emitido por la Dirección_General_de_Política_de_Telecomunicaciones y de Radiodifusión adscrita a la Secretaría  notificó el oficio 1.-55 recibido en este Instituto el 7_de_marzo_de_2014  mediante el cual la Secretaría emitió la opinión técnica en sentido favorable .
2014-09-11,emitió,1515,opinión,,,106,412,El 11_de_septiembre_de_2014  mediante oficio IFT  la Dirección_General_de_Supervisión  adscrita a la entonces Unidad_de_Supervisión_y_Verificación  emitió la opinión correspondiente respecto_de la Solicitud_de_Prórroga .
2015-12-09,emitió,1444,oficio,,,106,443,Con fecha 9_de_diciembre_de_2015  la Unidad_de_Competencia_Económica  a_través_de la Dirección_General_de_Concentraciones_Y_Concesiones  emitió el oficio IFT  mediante el cual remite la opinión correspondiente a la Solicitud_de_Prórroga .
2015-12-09,emitió,11102,"Actualmente , mediante la concesión objeto de la Solicitud(...)",,,106,2761,En respuesta a lo anterior  mediante oficio IFT de fecha 9_de_diciembre_de_2015  la Dirección_General_de_Concentraciones_Y_Concesiones emitió opinión respecto_de la Solicitud_de_Prórroga  manifestando lo siguiente : “ Actualmente  mediante la concesión objeto de la Solicitud  Telecable_de_Tierra_Caliente presta el servicio de TV restringida en Tlapehuala_y_San_José_Poliutla  municipio de Tlapehuala  en Guerrero .
2014-03-07,emitió,11222,opinión,,,106,3131,A el respecto mediante oficio 2.1.-0222 emitido por la Dirección_General_de_Política_de_Telecomunicaciones y de Radiodifusión adscrita a la Secretaría  notificó el oficio 1.-55 recibido en este Instituto el 7_de_marzo_de_2014  mediante el cual la Secretaría emitió la opinión técnica en sentido favorable .
2014-09-10,emitió,1515,opinión,,,104,380,El 10_de_septiembre_de_2014  mediante oficio IFT  la Dirección_General_de_Supervisión  adscrita a la entonces Unidad_de_Supervisión_y_Verificación  emitió la opinión correspondiente con_respecto_a la Solicitud_de_Prórroga .
2015-05-14,emitió,1444,oficio,,,104,411,Con fecha 14_de_mayo_de_2015  la Unidad_de_Competencia_Económica  a_través_de la Dirección_General_de_Concentraciones_Y_Concesiones  emitió el oficio IFT  mediante el cual remite la opinión correspondiente respecto_de la Solicitud_de_Prórroga .
2015-05-14,emitió,11102,opinión,,,104,2732,En respuesta a lo anterior  mediante oficio IFT de fecha 14_de_mayo_de_2015  la Dirección_General_de_Concentraciones_Y_Concesiones emitió opinión conjunta respecto_de diversas solicitudes de prórroga  entre las que se encontraba la solicitud que nos ocupa y que se identifica en dicha opinión con el número 7  manifestando lo siguiente : “ El Solicitante 7 y personas relacionadas con el mismo  no cuentan con títulos de concesión adicionales a el que se analiza para prestar el servicio de TV restringida en las localidades de Vega_de_Alatorre_y_Emilio_Carranza  Veracruz .
2014-03-07,emitió,11222,opinión,,,104,3082,A el respecto mediante oficio 2.1.-0222 emitido por la Dirección_General_de_Política_de_Telecomunicaciones y de Radiodifusión adscrita a la Secretaría  notificó el oficio 1.-55 recibido en este Instituto el 7_de_marzo_de_2014  mediante el cual la Secretaría emitió la opinión técnica en sentido favorable .
2015-11-13,emitió,11102,Opinión en_materia_de competencia económica de(...),,,96,1402,En respuesta a lo anterior  mediante oficio IFT de fecha 13_de_noviembre_de_2015  la Dirección_General_de_Concentraciones_Y_Concesiones emitió opinión respecto_de la Solicitud_de_Concesión que nos ocupa  en el siguiente sentido : “ Opinión en_materia_de competencia económica de la Solicitud_En_caso_de otorgar se  la concesión única le permitirá a el C._Barrios prestar servicios públicos de telecomunicaciones o radiodifusión con cobertura nacional .
2014-11-06,emitió,2086,opinión,,,96,1796,A el respecto  mediante oficio 2.1.-1369 emitido por la Dirección_General_de_Política_de_Telecomunicaciones y de Radiodifusión adscrita a la Secretaría  notificó a el Instituto el 6_de_noviembre_de_2014 el oficio 1.-295 de esa misma fecha  mediante el cual la Secretaría emitió la opinión técnica en sentido favorable .
2014-09-02,emitió,1515,opinión,,,124,346,El 2_de_septiembre_de_2014  mediante oficio IFT  la Dirección_General_de_Supervisión  adscrita a la entonces Unidad_de_Supervisión_y_Verificación  emitió la opinión correspondiente con_respecto_a la Solicitud_de_Prórroga .
2015-06-05,emitió,1444,oficio,,,124,411,Con fecha 5_de_junio_de_2015  la Unidad_de_Competencia_Económica  a_través_de la Dirección_General_de_Concentraciones_Y_Concesiones  emitió el oficio IFT  mediante el cual remite la opinión correspondiente respecto_de la Solicitud_de_Prórroga .
2015-06-05,emitió,11102,"De_acuerdo_con la información presentada anteriormente , el C._Óscar_Reyes_Rosas y(...)",,,124,2728,En respuesta a lo anterior  mediante oficio IFT de fecha 5_de_junio_de_2015  la Dirección_General_de_Concentraciones_Y_Concesiones emitió opinión respecto_de la Solicitud_de_Prórroga  manifestando lo siguiente : “ De_acuerdo_con la información presentada anteriormente  el C._Óscar_Reyes_Rosas y personas relacionadas participan en la provisión de el servicio de TV restringida en la localidad de San_Diego_de_la_Unión  Guanajuato  sólo a_través_de el título de concesión objeto de la Solicitud_de_Prórroga .
2014-03-07,emitió,11222,opinión,,,124,3056,A el respecto mediante oficio 2.1.-0222 emitido por la Dirección_General_de_Política_de_Telecomunicaciones y de Radiodifusión adscrita a la Secretaría  notificó el oficio 1.-55 recibido en este Instituto el 7_de_marzo_de_2014  mediante el cual la Secretaría emitió la opinión técnica en sentido favorable .
2014-10-07,emitió,1502,opinión,,,116,456,El 7_de_octubre_de_2014  mediante oficio IFT  la Unidad_de_Cumplimiento emitió la opinión correspondiente respecto_de la Solicitud_de_Prórroga .
2015-04-10,emitió,1444,oficio,,,116,487,Con fecha 10_de_abril_de_2015  la Unidad_de_Competencia_Económica  a_través_de la Dirección_General_de_Concentraciones_Y_Concesiones  emitió el oficio IFT  mediante el cual remite la opinión correspondiente a la Solicitud_de_Prórroga .
2015-04-10,emitió,11102,opinión,,,116,2834,En respuesta a lo anterior  mediante oficio IFT de fecha 10_de_abril_de_2015  la Dirección_General_de_Concentraciones_Y_Concesiones emitió opinión conjunta respecto_de diversas solicitudes de prórroga  entre las que se encontraba la solicitud que nos ocupa y que se identifica en dicha opinión con el número 12  manifestando lo siguiente : “ Con base en la información disponible  no se identifican elementos que permitan concluir que la autorización de las Prórrogas_Solicitadas 1 a 25 pudiera tener efectos contrarios en el proceso de competencia y libre concurrencia en los mercados .
2014-03-07,emitió,11222,opinión,,,116,3272,A el respecto mediante oficio 2.1.-0222 emitido por la Dirección_General_de_Política_de_Telecomunicaciones y de Radiodifusión adscrita a la Secretaría  notificó el oficio 1.-55 recibido en este Instituto el 7_de_marzo_de_2014  mediante el cual la Secretaría emitió la opinión técnica en sentido favorable .
2016-11-17,emitió,7535,opinión,,,103,4369,IFT recibido en la Coordinación_General_de_Política_de_el_Usuario el día_17_de_noviembre_de_2016  la CGMR emitió la opinión no vinculante respecto_de el Anteproyecto_de_Lineamientos .
2015-11-02,emitió,11102,III . [ … ] Opinión(...),,,120,2084,En respuesta a lo anterior  mediante oficio IFT de fecha 2_de_noviembre_de_2015  la Dirección_General_de_Concentraciones_Y_Concesiones emitió opinión respecto_de la Solicitud_de_Concesión que nos ocupa  manifestando lo siguiente : “ III . [ … ] Opinión en_materia_de competencia económica de la Solicitud_Con el otorgamiento de la concesión solicitada  Cable_Sistema pretende participar en el servicio TV restringida en las localidades de Jantetelco  Chalcatzingo_y_Amayuca  Municipio_de_Jantetelco ; Amilcingo  Huazulco  Temoac_y_Popotlán ( Barrio_Santo_Tomás )  Municipio_de_Temoac_y_Zacualpan_de_Amilpas_y_Tlacotepec  Municipio_de_Zacualpan  en el Estado_de_Morelos .
2014-07-22,emitió,1981,opinión,,,133,536,El 22_de_julio_de_2014  mediante oficio IFT  la entonces Unidad_de_Supervisión_y_Verificación  a_través_de la Dirección_General_de_Supervisión  emitió la opinión correspondiente respecto_de la Solicitud_de_Prórroga .
2015-05-14,emitió,1444,oficio,,,133,606,Con fecha 14_de_mayo_de_2015  la Unidad_de_Competencia_Económica  a_través_de la Dirección_General_de_Concentraciones_Y_Concesiones  emitió el oficio IFT  mediante el cual remite la opinión correspondiente a la Solicitud_de_Prórroga .
2015-05-14,emitió,11102,opinión,,,133,2925,En respuesta a lo anterior  mediante oficio IFT de fecha 14_de_mayo_de_2015  la Dirección_General_de_Concentraciones_Y_Concesiones emitió opinión conjunta respecto_de diversas solicitudes de prórroga  entre las que se encontraba la solicitud que nos ocupa y que se identifica en dicha opinión con el número 13  manifestando lo siguiente : “ La C._Quiroz y personas físicas y morales relacionadas con la misma no ofrecen el servicio de TV restringida a el amparo de títulos de concesión adicionales a los que se analizan en las localidades involucradas en las Solicitudes_de_Prórroga 12 y 13 : Tumbiscatío_de_Ruiz  Taretan  Emiliano_Zapata  Tomendán  Ziracuarétiro  Caracha  Patuán  La_Purísima  El_Hoyo_de_el_Aire  Tipítaro  San_Vicente  Zirimícuaro  San_Ángel_Zurumacapio  San_Andrés_Coru_y_El copal  todas en el Estado_de_Michoacán .
2014-03-07,emitió,11222,opinión,,,133,3331,A el respecto mediante oficio 2.1.-0222 emitido por la Dirección_General_de_Política_de_Telecomunicaciones y de Radiodifusión adscrita a la Secretaría  notificó el oficio 1.-55 recibido en este Instituto el 7_de_marzo_de_2014  mediante el cual la Secretaría emitió la opinión técnica en sentido favorable .
2016-01-07,emitió,11102,opinión,,,134,432,Mediante oficio IFT de fecha 7_de_enero_de_2016  la Dirección_General_de_Concentraciones_Y_Concesiones  adscrita a la Unidad_de_Competencia_Económica  emitió opinión respecto_de la Solicitud_de_Concesión .
2016-01-07,emitió,11102,Opinión en_materia_de competencia económica En_caso_de(...),,,134,1967,En respuesta a lo anterior  mediante oficio IFT de fecha 7_de_enero_de_2016  la Dirección_General_de_Concentraciones_Y_Concesiones emitió opinión respecto_de la Solicitud_de_Concesión que nos ocupa  en el siguiente sentido : “ Opinión en_materia_de competencia económica En_caso_de otorgar se  la concesión única solicitada por Nueva_Red le permitirá prestar servicios públicos de telecomunicaciones o radiodifusión con cobertura nacional .
2016-01-11,emitió,2086,opinión,,,134,2166,A el respecto mediante oficio 2.1.203.-0020 emitido por la Dirección_General_de_Política_de_Telecomunicaciones y de Radiodifusión adscrita a la Secretaría  recibido en este Instituto el 11_de_enero_de_2016  se notificó el oficio 1.-3  mediante el cual la Secretaría emitió la opinión técnica en sentido favorable .
2016-02-05,emitió,11102,opinión,,,131,424,Mediante oficio IFT de fecha 5_de_febrero_de_2016  la Dirección_General_de_Concentraciones_Y_Concesiones  adscrita a la Unidad_de_Competencia_Económica  emitió opinión en sentido favorable respecto_a la Solicitud_de_Concesión .
2016-02-05,emitió,11102,Opinión en_materia_de competencia económica En_caso_de(...),,,131,1619,En respuesta a lo anterior  mediante oficio IFT de fecha 5_de_febrero_de_2016  la Dirección_General_de_Concentraciones_Y_Concesiones emitió opinión respecto_de la Solicitud_de_Concesión que nos ocupa  en el siguiente sentido : “ Opinión en_materia_de competencia económica En_caso_de otorgar se  la concesión única solicitada por Editorial_El_Expreso le permitirá prestar servicios públicos de telecomunicaciones o radiodifusión con cobertura nacional .
2014-08-19,emitió,1981,opinión,,,114,272,El 19_de_agosto_de_2014  mediante oficio IFT  la entonces Unidad_de_Supervisión_y_Verificación  a_través_de la Dirección_General_de_Supervisión  emitió la opinión correspondiente en relación con la Solicitud_de_Prórroga .
2015-12-09,emitió,1444,oficio,,,114,337,Con fecha 9_de_diciembre_de_2015  la Unidad_de_Competencia_Económica  a_través_de la Dirección_General_de_Concentraciones_Y_Concesiones  emitió el oficio IFT  mediante el cual remite la opinión correspondiente respecto_de la Solicitud_de_Prórroga .
2015-12-09,emitió,11102,"Actualmente , mediante la concesión objeto de la Solicitud(...)",,,114,2649,En respuesta a lo anterior  mediante oficio IFT de fecha 9_de_diciembre_de_2015  la Dirección_General_de_Concentraciones_Y_Concesiones emitió opinión respecto_de la Solicitud_de_Prórroga  manifestando lo siguiente : “ Actualmente  mediante la concesión objeto de la Solicitud  el C._Butrón presta el servicio de TV restringida en Tepeapulco  Municipio_de_Tepeapulco_y_Tlanalapa  Municipio_de_Tlanalapa  Hidalgo .
2015-04-10,emitió,1444,oficio,,,126,452,Con fecha 10_de_abril_de_2015  la Unidad_de_Competencia_Económica  a_través_de la Dirección_General_de_Concentraciones_Y_Concesiones  emitió el oficio IFT  mediante el cual remite la opinión correspondiente a la Solicitud_de_Prórroga .
2015-06-15,emitió,1502,opinión,,,126,478,El 15_de_junio_de_2015  mediante oficio IFT  la Unidad_de_Cumplimiento  a_través_de la Dirección_General_de_Supervisión  emitió la opinión correspondiente respecto_de la Solicitud_de_Prórroga .
2015-04-10,emitió,11102,opinión,,,126,2798,En respuesta a lo anterior  mediante oficio IFT de fecha 10_de_abril_de_2015  la Dirección_General_de_Concentraciones_Y_Concesiones emitió opinión conjunta respecto_de diversas solicitudes de prórroga  entre las que se encontraba la solicitud que nos ocupa y que se identifica en dicha opinión con el número 18  manifestando lo siguiente : “ Con base en la información disponible  no se identifican elementos que permitan concluir que la autorización de las Prórrogas_Solicitadas 1 a 25 pudiera tener efectos contrarios en el proceso de competencia y libre concurrencia en los mercados .
2013-12-13,emitió,11222,SEGUNDO . - En_caso_de la solicitud de(...),,,126,3248,A el respecto mediante oficio 2.1.-4384 emitido por la Dirección_General_de_Política_de_Telecomunicaciones y de Radiodifusión adscrita a la Secretaría  notificó el oficio 1.-521 recibido en este Instituto el 13_de_diciembre_de_2013  mediante el cual la Secretaría emitió la opinión técnica en sentido favorable y recomendó lo siguiente : “ SEGUNDO . - En_caso_de la solicitud de prórroga presentada por Servicios_de_Cable_y_Telecomunicaciones_Sadecv  se recomienda que ese Instituto_Federal_de_Telecomunicaciones verifique si dicho concesionario efectivamente desplegó su red pública de telecomunicaciones y si cuenta con usuarios  toda vez que en la base de datos de la extinta Comisión_Federal_de_Telecomunicaciones no se observa para este concesionario reporte alguno de usuarios  por lo que la opinión favorable de el caso que nos ocupa queda condiciona a el resultado de la verificación que efectúe ese Instituto .
2015-06-23,emitió,11231,oficio,,,98,341,Con fecha 23_de_junio_de_2015  la Unidad_de_Concesiones_Y_Servicios a_través_de la Dirección_General_de_Concesiones_de_Telecomunicaciones  emitió el oficio IFT mediante el cual solicitó a el C._Nicolás_Díaz_Trujillo que manifieste su interés de obtener una concesión única para uso comercial  en_virtud_de que el régimen de concesionamiento señalado en la Solicitud_de_Concesión había cambiado a_partir_de la entrada en vigor de la Ley_Federal_de_Telecomunicaciones_y_Radiodifusión ( la “ Ley ” ) .
2015-10-05,emitió,11102,III .(...),,,98,1725,En respuesta a lo anterior  mediante oficio IFT de fecha 5_de_octubre_de_2015  la Dirección_General_de_Concentraciones_Y_Concesiones emitió opinión respecto_de la Solicitud_de_Concesión que nos ocupa  manifestando lo siguiente : “ III .
2015-04-21,emitió,11222,opinión,,,98,2124,A el respecto mediante oficio 2.1.-0399 emitido por la Dirección_General_de_Política_de_Telecomunicaciones y de Radiodifusión adscrita a la Secretaría  notificó el oficio 1.-102 recibido en este Instituto el 21_de_abril_de_2015  mediante el cual la Secretaría emitió la opinión técnica en sentido favorable .
2011-05-24,emitió,11222,oficio,,,107,159,El 24_de_mayo_de_2011  la Secretaría emitió el oficio 1.-321  a_través_de el cual autorizó la cesión de derechos de la Concesión a_favor_de el C._Jesús_Nataren_Ovando  señalando que se encontraba en trámite la renuncia a la localidad de San_Pedro_Tapanatepec  en el Estado_de_Oaxaca .
2015-06-05,emitió,1444,oficio,,,107,551,Con fecha 5_de_junio_de_2015  la Unidad_de_Competencia_Económica  a_través_de la Dirección_General_de_Concentraciones_Y_Concesiones  emitió el oficio IFT  mediante el cual remite la opinión en relación con la Solicitud_de_Prórroga .
2015-06-05,emitió,11102,"De_acuerdo_con la información presentada anteriormente , el C._Jesús_Nataren_Ovando y(...)",,,107,2898,En respuesta a lo anterior  mediante oficio IFT de fecha 5_de_junio_de_2015  la Dirección_General_de_Concentraciones_Y_Concesiones emitió opinión respecto_de la Solicitud_de_Prórroga  manifestando lo siguiente : “ De_acuerdo_con la información presentada anteriormente  el C._Jesús_Nataren_Ovando y personas relacionadas participan en la provisión de el servicio de TV restringida en las localidades de Santo Domingo Zanatepec  San_Francisco_Ixhuatán  Reforma_de_Pineda_y_San_Francisco_de_el_Mar  todas en el Estado_de_Oaxaca  sólo a_través_de el título de concesión objeto de la Solicitud_de_Prórroga .
2014-04-11,emitió,11222,[ … ] se recomienda que ese(...),,,107,3266,A el respecto mediante oficio 2.1.-0339 emitido por la Dirección_General_de_Política_de_Telecomunicaciones y de Radiodifusión adscrita a la Secretaría  notificó el oficio 1.-74 recibido en este Instituto el 11_de_abril_de_2014  mediante el cual la Secretaría emitió la opinión técnica en sentido favorable y recomendó lo siguiente : “ [ … ] se recomienda que ese Instituto_Federal_de_Telecomunicaciones verifique si se resolvió la modificación de cobertura de la red de dicho concesionario  toda vez que en los registros con que cuenta esta Secretaría  el C._Jesús_Nataren_Ovando presentó formal renuncia a la población de San_Pedro_Tapanatepec  en el Estado_de_Oaxaca  por lo que la opinión favorable de el caso que nos ocupa queda condiciona a el resultado de la verificación que efectué ese Instituto .
2016-01-11,emitió,11222,opinión,,,94,806,Mediante oficio 1.-17 de fecha 11_de_enero_de_2016  la Secretaría emitió opinión favorable respecto_de la Solicitud_de_Cesión_Parcial_de_Derechos  la cual fue remitida a_través_de el oficio 2.1.203.-0020 de la misma fecha  emitido por la Dirección_General_de_Política_de_Telecomunicaciones_y_Radiodifusión de esa Dependencia .
2015-01-11,emitió,11222,opinión,,,94,2935,A el respecto  mediante oficio 1.-17 de fecha 11_de_enero_de_2015  la Secretaría emitió opinión favorable respecto_de la Solicitud_de_Cesión_Parcial_de_Derechos que nos ocupa  la cual fue remitida a_través_de el oficio 2.1.203.-0020 de la misma fecha  emitido por la Dirección_General_de_Política_de_Telecomunicaciones_y_Radiodifusión de esa Dependencia .
2015-08-27,emitió,11231,oficio,,,135,388,Con fecha 27_de_agosto_de_2015  la Unidad_de_Concesiones_Y_Servicios a_través_de la Dirección_General_de_Concesiones_de_Telecomunicaciones  emitió el oficio IFT mediante el cual solicitó a Konecta_de_México_Srldecv  que  en_virtud_de que en las características generales de el proyecto contemplaba el uso de bandas de frecuencias de el espectro radioeléctrico de uso libre mediante las cuales proporcionaría los servicios de telecomunicaciones descritos en la Solicitud  indicara explícitamente el segmento de las mismas que pretendía utilizar .
2016-02-15,emitió,11102,opinión,,,135,546,Mediante oficio IFT de fecha 15_de_febrero_de_2016  la Dirección_General_de_Concentraciones_Y_Concesiones  adscrita a la Unidad_de_Competencia_Económica  emitió opinión en sentido favorable .
2016-02-15,emitió,11102,Opinión en_materia_de competencia económica En_caso_de(...),,,135,1755,En respuesta a lo anterior  mediante oficio IFT de fecha 15_de_febrero_de_2016  la Dirección_General_de_Concentraciones_Y_Concesiones emitió opinión respecto_de la Solicitud_de_Concesión que nos ocupa  en el siguiente sentido : “ Opinión en_materia_de competencia económica En_caso_de otorgar se  la concesión única solicitada por Konecta le permitirá prestar servicios públicos de telecomunicaciones o radiodifusión con cobertura nacional .
2015-05-21,emitió,2252,sentencia,,,91,1215,XIV . - Sentencia de juicio de amparo 54 . - El 21_de_mayo_de_2015  una vez agotadas las etapas procesales en el juicio de amparo de referencia  el Juzgado_Segundo emitió la sentencia definitiva  en la cual resolvió amparar y proteger a el C._José_Pérez_Ramírez .
2015-08-25,emitió,11240,… de conformidad(...),,11240,91,1373,XVI . - Cumplimiento de la ejecutoria de la acción de amparo 54 . - Mediante acuerdo de fecha 28_de_julio_del_2015 el Juzgado_Segundo requirió a el Instituto para que en el término de diez_días siguientes contados a_partir_de aquel en que surtiera efectos la notificación de éste se acreditará ante el mismo el cumplimiento de la ejecutoria  a el efecto el Pleno_de_el_Instituto_Federal_de_Telecomunicaciones emitió Acuerdo P en la XVII_Sesión_Ordinaria celebrada el 25_de_agosto_de_2015 y en su Considerando_Cuarto se señaló : “ … de conformidad con lo dispuesto en los artículos 27  28 y 134 de la Constitución_Política_de_los_Estados_Unidos_Mexicanos  en las normas previstas en el Decreto_de_Reformas de 2006  en particular el artículo 17 de la Ley_Federal_de_Radio_y_Televisión  así_como como los artículos 54 y 56 de la Ley  las concesiones de radiodifusión comercial únicamente pueden ser otorgadas mediante un procedimiento de licitación pública  para el cual es Estado tiene derecho a recibir una contraprestación económica  a juicio de esta autoridad resulta improcedente la solicitud de mérito  toda vez que fue presentada sobre las bases y estructura de el Acuerdo_de_Susceptibilidad acorde a un marco legal que ha sido abrogado  y que por su alcance y contenido no encuentra sustento jurídico que posibilite su aplicación de acuerdo a la pretensión de el ahora solicitante . ” XVII . - Juicio_de_Amparo en_contra_de la resolución P . - El C._José_Pérez_Ramírez el día_22_de_septiembre_de_2015 interpuso demanda de amparo la cual fue admitida por el Segundo_Juzgado  la cual se registró bajo el número 1665  y se resolvió mediante sentencia de fecha 16_de_diciembre_de_2015 no amparando ni protegiendo a el quejoso .
2016-01-11,emitió,11222,opinión,,,92,585,Mediante oficio 1.-18 de fecha 11_de_enero_de_2016  la Secretaría emitió opinión favorable respecto_de la Solicitud_de_Cesión_de_Derechos  la cual fue remitida a_través_de el oficio 2.1.203.-0020 de la misma fecha  emitido por la Dirección_General_de_Política_de_Telecomunicaciones_y_Radiodifusión de esa Dependencia .
2015-01-11,emitió,11222,opinión,,,92,2653,A el respecto  mediante oficio 1.-18 de fecha 11_de_enero_de_2015  la Secretaría emitió opinión favorable respecto_de la Solicitud_de_Cesión_de_Derechos que nos ocupa  la cual fue remitida a_través_de el oficio 2.1.203.-0020 de la misma fecha  emitido por la Dirección_General_de_Política_de_Telecomunicaciones_y_Radiodifusión de esa Dependencia .
2016-01-11,emitió,11222,opinión,,,119,418,Mediante oficio 1.-16 de fecha 11_de_enero_de_2016  la Secretaría emitió opinión favorable respecto_de la Solicitud_de_Cesión_de_Derechos  la cual fue remitida a_través_de el oficio 2.1.203.-0020 de la misma fecha  emitido por la Dirección_General_de_Política_de_Telecomunicaciones_y_Radiodifusión de esa Dependencia .
2015-01-11,emitió,11222,opinión,,,119,2589,A el respecto  mediante oficio 1.-16 de fecha 11_de_enero_de_2015  la Secretaría emitió opinión favorable respecto_de la Solicitud_de_Cesión_de_Derechos que nos ocupa  la cual fue remitida a_través_de el oficio 2.1.203.-0020 de la misma fecha  emitido por la Dirección_General_de_Política_de_Telecomunicaciones_y_Radiodifusión de esa Dependencia .
2016-01-11,emitió,11222,opinión,,,118,484,Mediante oficio 1.-19 de fecha 11_de_enero_de_2016  la Secretaría emitió opinión favorable respecto_de la Solicitud_de_Cesión_de_Derechos  la cual fue remitida a_través_de el oficio 2.1.203.-0020 de la misma fecha  emitido por la Dirección_General_de_Política_de_Telecomunicaciones_y_Radiodifusión de esa Dependencia .
2016-01-11,emitió,11222,opinión,,,118,3128,A el respecto  mediante oficio 1.-19 de fecha 11_de_enero_de_2016  la Secretaría emitió opinión favorable respecto_de la Solicitud_de_Cesión_de_Derechos que nos ocupa  la cual fue remitida a_través_de el oficio 2.1.203.-0020 de la misma fecha  emitido por la Dirección_General_de_Política_de_Telecomunicaciones_y_Radiodifusión de esa Dependencia .
2015-08-31,emitió,1444,oficio,,,128,750,Con fecha 31_de_agosto_de_2015  la Unidad_de_Competencia_Económica  a_través_de la Dirección_General_de_Concentraciones_Y_Concesiones  emitió el oficio IFT  mediante el cual remite la opinión correspondiente a la Solicitud_de_Prórroga .
2016-01-15,emitió,1515,opinión,,,128,777,El 15_de_enero_de_2016  mediante oficio IFT  la Dirección_General_de_Supervisión  adscrita a la Unidad_de_Cumplimiento  emitió la opinión correspondiente respecto_de la Solicitud_de_Prórroga .
2014-03-07,emitió,11222,opinión,,,128,2672,A el respecto  mediante oficio 2.1.-0222 emitido por la Dirección_General_de_Política_de_Telecomunicaciones y de Radiodifusión adscrita a la Secretaría  notificó el oficio 1.-55 recibido en este Instituto el 7_de_marzo_de_2014  mediante el cual la Secretaría emitió opinión técnica en sentido favorable de manera conjunta respecto_de diversas solicitudes de prórroga  entre las que se encontraba la solicitud que nos ocupa  recomendando lo siguiente : “ SEGUNDO . - En el caso de la solicitud de prórroga presentada por la persona moral denominada “ Servicio_y_Equipo en Telefonía_Internet_y_TV_Sadecv ”  se recomienda que ese Instituto_Federal_de_Telecomunicaciones verifique si dicho concesionario efectivamente desplegó su red pública de telecomunicaciones y si cuenta con usuarios  toda vez que en la base de datos de la extinta Comisión_Federal_de_Telecomunicaciones no se observa para este concesionario reporte alguno de usuarios  por lo que la opinión favorable de el caso que nos ocupa queda condiciona a el resultado de la verificación que efectué ese Instituto . ” ( Sic . ) Por su parte  la entonces Unidad_de_Servicios a la Industria  a_través_de la Dirección_General_de_Licitaciones_de_Espectro_Radioeléctrico_Y_Servicios  remitió la opinión técnica de la Secretaría a la Unidad_de_Supervisión_y_Verificación mediante oficio IFT de fecha 14_de_julio_de_2014  a_efecto_de que la misma fuera tomada en cuenta en la opinión que dicha Unidad_Administrativa emitiera respecto_de el estado que guardaba el cumplimiento de obligaciones a_cargo_de la concesionaria en comento .
2014-03-07,emitió,11170,opinión,,,128,3029,[ … ] No_obstante lo anterior  le informo que mediante oficio IFT de fecha 23_de_junio_de_2015  se solicitó a la Dirección_General_de_Verificación  una visita de inspección - verificación derivada de el oficio 1.-55 de fecha 7_de_marzo_de_2014  en el que la Secretaría_de_Comunicaciones_Y_Transportes emitió la opinión técnica y recomendó a este Instituto verificar si dicha concesionaria efectivamente desplegó su red pública de telecomunicaciones y si cuenta con usuarios  toda vez que en la base de datos de la extinta Comisión_Federal_de_Telecomunicaciones no se observó reporte alguno .
2015-08-31,emitió,11102,opinión,,,128,3521,En respuesta a lo anterior  mediante oficio IFT de fecha 31_de_agosto_de_2015  la Dirección_General_de_Concentraciones_Y_Concesiones emitió opinión conjunta respecto_de diversas solicitudes de prórroga  entre las que se encontraba la solicitud que nos ocupa y que se identifica en dicha opinión con el número 17  manifestando lo siguiente : “ De_acuerdo_con el análisis anterior y con base en la información que obra en el expediente de las Solicitudes  incluida la información que presentó SETIT  no se identifica que SETIT y sus accionistas  así_como personas relacionadas pertenezcan a los grupos de interés económico a los que pertenecen : 1 ) los operadores satelitales que prestan el servicio de TV restringida bajo las marcas comerciales Sky_y_Dish ; o 2 ) Telmex  que ofrece los servicios de Acceso a Internet_Fijo_y_Telefonía_Fija a nivel nacional .
2014-03-06,emitió,2086,Resolución mediante la cual el Pleno_de_el_Instituto_Federal_de_Telecomunicaciones determina a el grupo de interés económico de el que forman_parte(...),,,113,305,Mediante Acuerdo P de fecha 6_de_marzo_de_2014  el Instituto emitió la “ Resolución mediante la cual el Pleno_de_el_Instituto_Federal_de_Telecomunicaciones determina a el grupo de interés económico de el que forman_parte Grupo_Televisa_S.A.B.  Canales_de_Televisión_Populares_Sadecv  Radio_Televisión_Sadecv  Radiotelevisora_de_México_Norte_Sadecv  T.V._de_los_Mochis_Sadecv  Teleimagen_de_el_Noroeste_Sadecv  Televimex_Sadecv  Televisión_de_Puebla_Sadecv  Televisora_de_Mexicali_Sadecv  Televisora_de_Navojoa  S.A.  Televisora_de_Occidente_Sadecv  Televisora_Peninsular_Sadecv  Mario_Enrique_Mayans_Concha  Televisión_La_Paz  S.A.  Televisión_de_la_Frontera  S.A.  Pedro_Luis_Fitzmaurice_Meneses  Telemisión_Sadecv  Comunicación_de_el_Sureste_Sadecv  José_de_Jesús_Partida_Villanueva  Hilda_Graciela_Rivera_Flores  Roberto_Casimiro_González_Treviño  Tv Diez Durango_Sadecv  Televisora_de_Durango_Sadecv  Corporación_Tapatía_de_Televisión_Sadecv  Televisión_de_Michoacán_Sadecv  José_Humberto_y_Loucille  Martínez_Morales  Canal 13 de Michoacán_Sadecv  Televisora_XHBO_Sadecv  Tv Ocho Sadecv  Televisora_Potosina_Sadecv  TV_de_Culiacán_Sadecv  Televisión_de_el_Pacífico_Sadecv  Tele-emisoras_de_el_Sureste_Sadecv  Televisión_de_Tabasco  S.A. y Ramona_Esparza_González  como agente económico preponderante en el sector de radiodifusión y le impone las medidas necesarias para evitar que se afecte la competencia y la libre concurrencia ”  misma que le es aplicable a Roberto_Casimiro_González_Treviño .
2015-10-27,emitió,9975,opinión,,,113,887,Con oficio IFT de el 27_de_octubre_de_2015  la Dirección_General_de_Concentraciones_Y_Concesiones_de_la_UCE emitió opinión en_materia_de competencia económica respecto_a la solicitud de refrendo de la Concesión  estableciendo en la parte final de la opinión que :  … con la información disponible  en_caso_de que se otorgue autorización para que Canal_RCG continúe proveyendo el servicio de TV_Abierta_Comercial  se advierte que existen medidas enfocadas a contrarrestar posibles efectos contrarios en el proceso de competencia y libre concurrencia en la provisión de servicios de TV_Abierta_Comercial en la localidad de Saltillo  Coahuila  cuyo impacto  en términos de competencia  será evaluado cada 2 ( dos ) años y  en su caso  se podrá ordenar la separación estructural  funcional  o la desincorporación de activos de el AEPR ” . XII . - Opinión en_Materia_de Cumplimiento_de_Obligaciones . Con oficio IFT  de el 29_de_octubre_de_2015  la Dirección_General_de_Supervisión_de_la_UC emitió el dictamen como resultado de la revisión documental de el cumplimiento de obligaciones practicado a el expediente de el Concesionario  en el que se determinó que se encuentra en cumplimiento de las obligaciones derivadas de el título de Concesión . En_virtud_de los Antecedentes referidos y  CONSIDERANDO_Primero . - Competencia_de_el_Instituto . De conformidad con el artículo 28 párrafo décimo quinto de la Constitución_Política_de_los_Estados_Unidos_Mexicanos ( en_lo_sucesivo  la “ Constitución ” )  el Instituto es un órgano autónomo con personalidad jurídica y patrimonio propio  que tiene por objeto el desarrollo eficiente de la radiodifusión y las telecomunicaciones  conforme_a lo dispuesto en la propia Constitución y en los términos que fijen las leyes .
2015-10-29,emitió,1501,dictamen,,,113,1025,Con oficio IFT de el 27_de_octubre_de_2015  la Dirección_General_de_Concentraciones_Y_Concesiones_de_la_UCE emitió opinión en_materia_de competencia económica respecto_a la solicitud de refrendo de la Concesión  estableciendo en la parte final de la opinión que :  … con la información disponible  en_caso_de que se otorgue autorización para que Canal_RCG continúe proveyendo el servicio de TV_Abierta_Comercial  se advierte que existen medidas enfocadas a contrarrestar posibles efectos contrarios en el proceso de competencia y libre concurrencia en la provisión de servicios de TV_Abierta_Comercial en la localidad de Saltillo  Coahuila  cuyo impacto  en términos de competencia  será evaluado cada 2 ( dos ) años y  en su caso  se podrá ordenar la separación estructural  funcional  o la desincorporación de activos de el AEPR ” . XII . - Opinión en_Materia_de Cumplimiento_de_Obligaciones . Con oficio IFT  de el 29_de_octubre_de_2015  la Dirección_General_de_Supervisión_de_la_UC emitió el dictamen como resultado de la revisión documental de el cumplimiento de obligaciones practicado a el expediente de el Concesionario  en el que se determinó que se encuentra en cumplimiento de las obligaciones derivadas de el título de Concesión . En_virtud_de los Antecedentes referidos y  CONSIDERANDO_Primero . - Competencia_de_el_Instituto . De conformidad con el artículo 28 párrafo décimo quinto de la Constitución_Política_de_los_Estados_Unidos_Mexicanos ( en_lo_sucesivo  la “ Constitución ” )  el Instituto es un órgano autónomo con personalidad jurídica y patrimonio propio  que tiene por objeto el desarrollo eficiente de la radiodifusión y las telecomunicaciones  conforme_a lo dispuesto en la propia Constitución y en los términos que fijen las leyes .
2015-10-29,emitió,,dictamen,,,113,3386,Mediante oficio número IFT de el 29_de_octubre_de_2015  emitió el dictamen como resultado de la revisión documental de el cumplimiento de obligaciones practicado a el expediente de el Concesionario  en el que se determinó que se encuentra en cumplimiento de las obligaciones derivadas de el título de concesión .
2015-11-27,emitió,11102,Opinión en_materia_de competencia económica “(...),,,127,1981,En respuesta a lo anterior  mediante oficio IFT de fecha 27_de_noviembre_de_2015  la Dirección_General_de_Concentraciones_Y_Concesiones emitió opinión respecto_de la Solicitud_de_Concesión que nos ocupa  en el siguiente sentido : “ Opinión en_materia_de competencia económica “ [ … ] Así  en_caso_de que se otorgue una concesión única para uso comercial a el Solicitante  éste participaría por primera vez en la provisión de servicios de telecomunicaciones .
2015-11-11,emitió,2086,opinión,,,127,2138,A el respecto mediante oficio 2.1.203.-1417 emitido por la Dirección_General_de_Política_de_Telecomunicaciones y de Radiodifusión adscrita a la Secretaría  recibido en este Instituto el 11_de_noviembre_de_2015  se notificó el oficio 1.-350  mediante el cual la Secretaría emitió la opinión técnica en sentido favorable .
2015-11-12,emitió,11102,Opinión en_materia_de competencia económica En_caso_de(...),,,81,1830,En respuesta a lo anterior  mediante oficio IFT de fecha 12_de_noviembre_de_2015  la Dirección_General_de_Concentraciones_Y_Concesiones emitió opinión respecto_de la Solicitud_de_Concesión que nos ocupa  en el siguiente sentido : “ Opinión en_materia_de competencia económica En_caso_de otorgar se  la concesión única solicitada por Hermovisión le permitirá prestar servicios públicos de telecomunicaciones o radiodifusión con cobertura nacional .
2015-03-03,emitió,2086,opinión,,,81,2210,A el respecto  mediante oficio 2.1.-0234 emitido por la Dirección_General_de_Política_de_Telecomunicaciones y de Radiodifusión adscrita a la Secretaría  notificó a el Instituto el 3_de_marzo_de_2015 el oficio 1.-54 de esa misma fecha  mediante el cual la Secretaría emitió la opinión técnica en sentido favorable .
2015-10-08,emitió,1615,dictamen,,,82,833,Dictamen_de_la_Dirección_General_de_Concesiones_de_Radiodifusión . - Con fecha 08_de_octubre_de_2015  la Dirección_General_de_Concesiones_de_Radiodifusión ( en_lo_sucesivo la “ DGCR ” )  mediante el oficio IFT emitió el dictamen favorable respecto_de la Solicitud_de_Multiprogramación en relación a el cumplimiento de información y requisitos a que se refiere el artículo 9 de los Lineamientos .
2015-10-08,emitió,10699,dictamen,,,82,2852,Dictamen_de_la_DGCR_La_DGCR a_través_de el oficio IFT de fecha 08_de_octubre_de_2015  emitió el dictamen de cumplimiento respecto_de la Solicitud_de_Multiprogramación  en el que determina el cumplimiento pleno de todos los requisitos establecidos en el artículo 9 de los Lineamientos y  a el efecto  el propio dictamen establece que con la autorización correspondiente no se contravienen disposiciones técnicas  legales  reglamentarias y administrativas aplicables a el caso concreto .
2015-12-02,emitió,10725,… A el(...),,2038,82,2962,Opinión_UMCA_Por cuanto hace a la opinión técnica que deberá emitir la UMCA  en términos de lo dispuesto por los artículos 20 fracción XIV  32  34 fracción XI  37 y 39 fracción I  de el Estatuto_Orgánico  mediante oficio IFT de fecha 2_de_diciembre_de_2015  la UMCA emitió la opinión a la Solicitud_de_Multiprogramación presentada por el Gobierno_de_Guanajuato  en los términos siguientes : “ … A el respecto  hago de su conocimiento que en opinión de esta Unidad  el solicitante SÍ_CUMPLE con los requisitos establecidos en los Lineamientos_Generales_para_el_Acceso a la Multiprogramación ( Lineamientos ) a_el_tenor_de la cédula de revisión que a el presente se adjunta .
2015-08-05,emitió,,De el(...),,,82,3188,Opinión_UCE_Respecto_de la opinión que deberá emitir la UCE en términos de lo establecido por los artículos 4 y 24 de los Lineamientos  en relación con los artículos 20 fracción XIV  32  34 fracción XI  46  48 fracciones I y VI_de_el_Estatuto_Orgánico  mediante oficio IFT de fecha 5_de_agosto_de_2015  ésta emitió la opinión correspondiente a la Solicitud_de_Multiprogramación presentada por el Gobierno_de_Guanajuato  en los términos siguientes : “ De el análisis realizado  la UCE concluye que no se afecta la competencia  la libre concurrencia y  o pluralidad  en términos de las disposiciones normativas aplicables por otorgar autorización de acceso a el Gobierno_de_Guanajuato  a_través_de la UTEG a la Multiprogramación  en la estación con distintivo de llamada XHLEG-TDT  Canal 47  en León .
2015-04-08,emitió,10845,ACUERDO_MEDIANTE_EL_CUAL_EL_PLENO_DE_EL_INSTITUTO_FEDERAL_DE_TELECOMUNICACIONES_DESIGNA_A_LOS_COMISIONADOS_QUE_SERÁN_MIEMBROS_DE_EL_COMITÉ_DIRECTIVO_DE_EL_SISITEMA_DE_SERVICIO_PROFESIONAL_DE_EL_INSTITUTO_FEDERAL_DE_TELECOMUNICACIONES ”(...),,,84,189,CONSIDERANDO_Que conforme_a el párrafo vigésimo de el artículo 28 de la Constitución_Política_de_los_Estados_Unidos_Mexicanos  el Instituto_Federal_de_Telecomunicaciones es un órgano constitucional autónomo  independiente en sus decisiones y funcionamiento  profesional en su desempeño e imparcial en sus actuaciones ; Que conforme_a el artículo 15 fracción LV_de_la_Ley_Federal_de_Telecomunicaciones y Radiodifusión  corresponde a el Instituto_Federal_de_Telecomunicaciones ( en_lo_sucesivo  “ Instituto ” )  establecer y administrar un sistema de servicio profesional de sus servidores públicos ; Que el 25_de_febrero_de_2015 el Instituto publicó en el Diario_Oficial_de_la_Federación las “ Disposiciones por las que se establece el Sistema_de_Servicio_Profesional_de_el_Instituto_Federal_de_Telecomunicaciones ” ( en_lo_sucesivo  “ Disposiciones ” )  cuyo artículo 7 establece un Comité_Directivo integrado  entre otros  por dos Comisionados ; Que conforme_a el artículo 8  fracción II_de_las_Disposiciones  corresponde a el Pleno_de_el_Instituto designar mediante insaculación a los Comisionados que serán miembros de el Comité_Directivo y definir el plazo de su designación ; Que en su XXI_Sesión_Extraordinaria celebrada el 8_de_abril_de_2015  el órgano máximo de decisión de este Instituto emitió el “ ACUERDO_MEDIANTE_EL_CUAL_EL_PLENO_DE_EL_INSTITUTO_FEDERAL_DE_TELECOMUNICACIONES_DESIGNA_A_LOS_COMISIONADOS_QUE_SERÁN_MIEMBROS_DE_EL_COMITÉ_DIRECTIVO_DE_EL_SISITEMA_DE_SERVICIO_PROFESIONAL_DE_EL_INSTITUTO_FEDERAL_DE_TELECOMUNICACIONES ”  a_través_de el cual se designó a las Comisionadas_Adriana_Sofía_Labardini_Inzunza_y_María_Elena_Estavillo_Flores como miembros de el Comité_Directivo_de_el_Sistema_de_Servicio_Profesional_de_el_Instituto_Federal_de_Telecomunicaciones  por un periodo de un año contado a_partir_de el 8_de_abril_del_2015 ; Que a_fin_de dar continuidad a las acciones determinadas por el Comité_Directivo para la implementación de el Sistema_de_Servicio_Profesional de este Instituto  se estima procedente modificar el Acuerdo referido  a_fin_de establecer que el periodo de designación de las Comisionadas_Adriana_Sofía_Labardini_Inzunza_y_María_Elena_Estavillo_Flores como miembros de dicho Comité  será por un periodo de dos años contado a_partir_de el 8_de_abril_del_2015  y Que en_virtud_de lo anterior  con fundamento en lo dispuesto en los artículos 28  párrafos décimo quinto y décimo sexto de la Constitución_Política_de_los_Estados_Unidos_Mexicanos ; 7  15 fracciones LV y LXIII  16 y 17  fracción XV_de_la_Ley_Federal_de_Telecomunicaciones y Radiodifusión ; 7 y 8  fracción II_de_las_Disposiciones por las que se establece el Sistema_de_Servicio_Profesional_de_el_Instituto_Federal_de_Telecomunicaciones  y 1  4 fracción I y 6 fracción XXXVII_de_el_Estatuto_Orgánico_de_el_Instituto_Federal_de_Telecomunicaciones  se expide el siguiente ACUERDO_PRIMERO . - Se modifica el numeral PRIMERO_de_el_ACUERDO_MEDIANTE_EL_CUAL_EL_PLENO_DE_EL_INSTITUTO_FEDERAL_DE_TELECOMUNICACIONES_DESIGNA_A_LOS_COMISIONADOS_QUE_SERÁN_MIEMBROS_DE_EL_COMITÉ_DIRECTIVO_DE_EL_SISTEMA_DE_SERVICIO_PROFESIONAL_DE_EL_INSTITUTO_FEDERAL_DE_TELECOMUNICACIONES  emitido el 8_de_abril_de_2015  para quedar como sigue : “ PRIMERO . - Se designa a las Comisionadas_Adriana_Sofía_Labardini_Inzunza_y_María_Elena_Estavillo_Flores como miembros de el Comité_Directivo_de_el_Sistema_de_Servicio_Profesional_de_el_Instituto_Federal_de_Telecomunicaciones  por un periodo de dos años  contado a_partir_de el 8_de_abril_del_2015 . ” SEGUNDO . - Se instruye a el Secretario_Técnico_de_el_Pleno para que haga de el conocimiento el presente Acuerdo a el Comité_Directivo_de_el_Sistema_de_Servicio_Profesional_de_el_Instituto_Federal_de_Telecomunicaciones  así_como a la Unidad_de_Administración_de_el_Instituto .
2016-02-05,emitió,11102,opinión,,,102,424,Mediante oficio IFT de fecha 5_de_febrero_de_2016  la Dirección_General_de_Concentraciones_Y_Concesiones  adscrita a la Unidad_de_Competencia_Económica  emitió opinión en sentido favorable respecto_a la Solicitud_de_Concesión .
2016-02-05,emitió,11102,Opinión en_materia_de competencia económica En_caso_de(...),,,102,1619,En respuesta a lo anterior  mediante oficio IFT de fecha 5_de_febrero_de_2016  la Dirección_General_de_Concentraciones_Y_Concesiones emitió opinión respecto_de la Solicitud_de_Concesión que nos ocupa  en el siguiente sentido : “ Opinión en_materia_de competencia económica En_caso_de otorgar se  la concesión única solicitada por Editorial_El_Expreso le permitirá prestar servicios públicos de telecomunicaciones o radiodifusión con cobertura nacional .
2014-08-21,emitió,1981,opinión,,,121,280,El 21_de_agosto_de_2014 mediante oficio IFT  la entonces Unidad_de_Supervisión_y_Verificación  a_través_de la Dirección_General_de_Supervisión  emitió la opinión correspondiente respecto_de la Solicitud_de_Prórroga .
2015-05-08,emitió,1444,oficio,,,121,349,Con fecha 8_de_mayo_de_2015  la Unidad_de_Competencia_Económica  a_través_de la Dirección_General_de_Concentraciones_Y_Concesiones  emitió el oficio IFT  mediante el cual remite la opinión correspondiente a la Solicitud_de_Prórroga .
2015-05-08,emitió,11102,opinión,,,121,2650,En respuesta a lo anterior  mediante oficio IFT de fecha 8_de_mayo_de_2015  la Dirección_General_de_Concentraciones_Y_Concesiones emitió opinión conjunta respecto_de diversas solicitudes de prórroga  entre las que se encontraba la solicitud que nos ocupa y que se identifica en dicha opinión con el número 2  manifestando lo siguiente : “ De_acuerdo_con la información presentada anteriormente  el C._José_Pérez_Ramírez participa en la provisión de el servicio de TV restringida en la localidad de León en el estado de Guanajuato  sólo a_través_de el título de concesión objeto de la Solicitud_de_Prórroga .
2015-08-11,emitió,11231,oficio,,,101,334,Con fecha 11_de_agosto_de_2015  la Unidad_de_Concesiones_Y_Servicios a_través_de la Dirección_General_de_Concesiones_de_Telecomunicaciones  emitió el oficio IFT mediante el cual solicitó a Visión_de_el_Sureste_Sadecv  entre otras cosas  que manifieste su interés en obtener una concesión única para uso comercial  en_virtud_de que el régimen de concesionamiento señalado en la Solicitud_de_Concesión había cambiado a_partir_de la entrada en vigor de la Ley_Federal_de_Telecomunicaciones_y_Radiodifusión ( la “ Ley ” ) .
2015-11-13,emitió,11102,Opinión en_materia_de competencia económica En_caso_de(...),,,101,1716,En respuesta a lo anterior  mediante oficio IFT de fecha 13_de_noviembre_de_2015  la Dirección_General_de_Concentraciones_Y_Concesiones emitió opinión respecto_de la Solicitud_de_Concesión que nos ocupa  en el siguiente sentido : “ Opinión en_materia_de competencia económica En_caso_de otorgar se  la concesión única solicitada por Visión_de_el_Sureste le permitirá prestar servicios públicos de telecomunicaciones o radiodifusión con cobertura nacional .
